Cycle,Date administered,Democratic candidate,Republican candidate,Libertarian,Green,Undecided,,,
2008,10/31/2008,0.51,0.43,NaN,NaN,NaN,,,
2008,10/31/2008,0.52,0.46,NaN,NaN,NaN,,,
2008,10/31/2008,0.53,0.4,NaN,NaN,NaN,,,
2008,10/31/2008,0.53,0.42,NaN,NaN,NaN,,,
2008,10/31/2008,0.53,0.42,NaN,NaN,NaN,,,
2008,10/31/2008,0.55,0.44,NaN,NaN,NaN,,,
2008,10/30/2008,0.54,0.43,NaN,NaN,NaN,,,
2008,10/30/2008,0.51,0.44,NaN,NaN,NaN,,,
2008,,,,NaN,NaN,NaN,,,
2008,,,,NaN,NaN,NaN,,,
2008,10/30/2008,0.51,0.46,NaN,NaN,NaN,,,
2008,,,,NaN,NaN,NaN,,,
2008,,,,NaN,NaN,NaN,,,
2008,10/29/2008,0.47,0.45,NaN,NaN,NaN,,,
2008,10/29/2008,0.49,0.42,NaN,NaN,NaN,,,
2008,10/31/2008,0.49,0.44,NaN,NaN,NaN,,,
2008,10/29/2008,0.52,0.41,NaN,NaN,NaN,,,
2008,10/29/2008,0.51,0.47,NaN,NaN,NaN,,,
2008,,,,NaN,NaN,NaN,,,
2008,,,,NaN,NaN,NaN,,,
2008,10/27/2008,0.5,0.43,NaN,NaN,NaN,,,
2008,10/26/2008,0.51,0.42,NaN,NaN,NaN,,,
2008,10/26/2008,0.5,0.47,NaN,NaN,NaN,,,
2008,10/24/2008,0.47,0.44,NaN,NaN,NaN,,,
2008,10/25/2008,0.49,0.45,NaN,NaN,NaN,,,
2008,10/25/2008,0.51,0.46,NaN,NaN,NaN,,,
2008,10/23/2008,0.52,0.36,NaN,NaN,NaN,,,
2008,10/23/2008,0.51,0.42,NaN,NaN,NaN,,,
2008,10/20/2008,0.5,0.43,NaN,NaN,NaN,,,
2008,10/20/2008,0.52,0.4,NaN,NaN,NaN,,,
2008,10/19/2008,0.52,0.39,NaN,NaN,NaN,,,
2008,10/18/2008,0.45,0.44,NaN,NaN,NaN,,,
2008,10/19/2008,0.52,0.42,NaN,NaN,NaN,,,
2008,10/19/2008,0.5,0.42,NaN,NaN,NaN,,,
2008,10/18/2008,0.5,0.42,NaN,NaN,NaN,,,
2008,10/18/2008,0.49,0.45,NaN,NaN,NaN,,,
2008,10/17/2008,0.52,0.42,NaN,NaN,NaN,,,
2008,10/17/2008,0.51,0.46,NaN,NaN,NaN,,,
2008,10/17/2008,0.52,0.41,NaN,NaN,NaN,,,
2008,10/16/2008,0.52,0.38,NaN,NaN,NaN,,,
2008,10/14/2008,0.5,0.43,NaN,NaN,NaN,,,
2008,10/13/2008,0.49,0.43,NaN,NaN,NaN,,,
2008,10/11/2008,0.48,0.44,NaN,NaN,NaN,,,
2008,10/10/2008,0.53,0.39,NaN,NaN,NaN,,,
2008,10/12/2008,0.53,0.43,NaN,NaN,NaN,,,
2008,10/10/2008,0.51,0.41,NaN,NaN,NaN,,,
2008,10/10/2008,0.52,0.4,NaN,NaN,NaN,,,
2008,10/10/2008,0.51,0.45,NaN,NaN,NaN,,,
2008,10/9/2008,0.5,0.43,NaN,NaN,NaN,,,
2008,10/7/2008,0.52,0.4,NaN,NaN,NaN,,,
2008,10/7/2008,0.48,0.43,NaN,NaN,NaN,,,
2008,10/6/2008,0.52,0.41,NaN,NaN,NaN,,,
2008,10/4/2008,0.52,0.4,NaN,NaN,NaN,,,
2008,10/3/2008,0.53,0.45,NaN,NaN,NaN,,,
2008,10/3/2008,0.5,0.42,NaN,NaN,NaN,,,
2008,10/1/2008,0.51,0.4,NaN,NaN,NaN,,,
2008,9/27/2008,0.49,0.4,NaN,NaN,NaN,,,
2008,9/28/2008,0.51,0.41,NaN,NaN,NaN,,,
2008,9/27/2008,0.49,0.43,NaN,NaN,NaN,,,
2008,9/23/2008,0.47,0.42,NaN,NaN,NaN,,,
2008,9/23/2008,0.5,0.45,NaN,NaN,NaN,,,
2008,9/23/2008,0.52,0.43,NaN,NaN,NaN,,,
2008,,,,NaN,NaN,NaN,,,
2008,,,,NaN,NaN,NaN,,,
2008,9/21/2008,0.47,0.44,NaN,NaN,NaN,,,
2008,9/19/2008,0.49,0.42,NaN,NaN,NaN,,,
2008,9/19/2008,0.5,0.44,NaN,NaN,NaN,,,
2008,9/17/2008,0.49,0.43,NaN,NaN,NaN,,,
2008,9/16/2008,0.49,0.44,NaN,NaN,NaN,,,
2008,9/15/2008,0.48,0.48,NaN,NaN,NaN,,,
2008,9/12/2008,0.48,0.43,NaN,NaN,NaN,,,
2008,,,,NaN,NaN,NaN,,,
2008,,-0.49,-0.44,NaN,NaN,NaN,,,
2008,9/13/2008,0.46,0.47,NaN,NaN,NaN,,,
2008,9/13/2008,0.47,0.45,NaN,NaN,NaN,,,
2008,9/13/2008,0.45,0.48,NaN,NaN,NaN,,,
2008,9/11/2008,0.45,0.47,NaN,NaN,NaN,,,
2008,9/11/2008,0.47,0.45,NaN,NaN,NaN,,,
2008,9/10/2008,0.46,0.46,NaN,NaN,NaN,,,
2008,9/8/2008,0.42,0.45,NaN,NaN,NaN,,,
2008,9/8/2008,0.46,0.46,NaN,NaN,NaN,,,
2008,9/7/2008,0.45,0.45,NaN,NaN,NaN,,,
2008,9/6/2008,0.47,0.46,NaN,NaN,NaN,,,
2008,9/6/2008,0.47,0.46,NaN,NaN,NaN,,,
2008,9/6/2008,0.44,0.49,NaN,NaN,NaN,,,
2008,9/5/2008,0.44,0.48,NaN,NaN,NaN,,,
2008,9/5/2008,0.46,0.5,NaN,NaN,NaN,,,
2008,9/5/2008,0.47,0.46,NaN,NaN,NaN,,,
2008,9/5/2008,0.48,0.48,NaN,NaN,NaN,,,
2008,9/3/2008,0.49,0.46,NaN,NaN,NaN,,,
2008,9/2/2008,0.45,0.4,NaN,NaN,NaN,,,
2008,9/1/2008,0.49,0.44,NaN,NaN,NaN,,,
2008,8/30/2008,0.5,0.42,NaN,NaN,NaN,,,
2008,8/30/2008,0.5,0.43,NaN,NaN,NaN,,,
2008,8/30/2008,0.49,0.43,NaN,NaN,NaN,,,
2008,8/29/2008,0.48,0.39,NaN,NaN,NaN,,,
2008,8/29/2008,0.48,0.4,NaN,NaN,NaN,,,
2008,8/26/2008,0.49,0.45,NaN,NaN,NaN,,,
2008,8/23/2008,0.44,0.46,NaN,NaN,NaN,,,
2008,8/21/2008,0.47,0.43,NaN,NaN,NaN,,,
2008,8/21/2008,0.48,0.45,NaN,NaN,NaN,,,
2008,8/19/2008,0.42,0.39,NaN,NaN,NaN,,,
2008,8/18/2008,0.39,0.38,NaN,NaN,NaN,,,
2008,8/15/2008,0.45,0.42,NaN,NaN,NaN,,,
2008,8/15/2008,0.45,0.42,NaN,NaN,NaN,,,
2008,8/16/2008,0.46,0.45,NaN,NaN,NaN,,,
2008,8/14/2008,0.41,0.46,NaN,NaN,NaN,,,
2008,8/5/2008,0.46,0.43,NaN,NaN,NaN,,,
2008,8/5/2008,0.47,0.46,NaN,NaN,NaN,,,
2008,7/24/2008,0.49,0.4,NaN,NaN,NaN,,,
2008,7/22/2008,0.47,0.41,NaN,NaN,NaN,,,
2008,7/18/2008,0.47,0.41,NaN,NaN,NaN,,,
2008,7/7/2008,0.45,0.39,NaN,NaN,NaN,,,
2008,7/11/2008,0.46,0.43,NaN,NaN,NaN,,,
2008,7/10/2008,0.49,0.46,NaN,NaN,NaN,,,
2008,7/9/2008,0.47,0.4,NaN,NaN,NaN,,,
2008,7/8/2008,0.5,0.41,NaN,NaN,NaN,,,
2008,7/9/2008,0.44,0.41,NaN,NaN,NaN,,,
2008,6/26/2008,0.5,0.45,NaN,NaN,NaN,,,
2008,6/26/2008,0.46,0.38,NaN,NaN,NaN,,,
2008,6/26/2008,0.49,0.43,NaN,NaN,NaN,,,
2008,6/25/2008,0.46,0.42,NaN,NaN,NaN,,,
2008,6/19/2008,0.49,0.37,NaN,NaN,NaN,,,
2008,6/18/2008,0.51,0.36,NaN,NaN,NaN,,,
2008,6/17/2008,0.48,0.44,NaN,NaN,NaN,,,
2008,6/15/2008,0.5,0.44,NaN,NaN,NaN,,,
2008,6/17/2008,0.45,0.41,NaN,NaN,NaN,,,
2008,6/12/2008,0.47,0.42,NaN,NaN,NaN,,,
2008,6/11/2008,0.47,0.41,NaN,NaN,NaN,,,
2008,6/9/2008,0.5,0.44,NaN,NaN,NaN,,,
2008,6/9/2008,0.48,0.42,NaN,NaN,NaN,,,
2008,5/26/2008,0.44,0.4,NaN,NaN,NaN,,,
2012,11/1/2012,0.51,0.48,NaN,NaN,NaN,,,
2012,11/1/2012,0.48,0.47,NaN,NaN,NaN,,,
2012,11/1/2012,0.5,0.47,NaN,NaN,NaN,,,
2012,11/1/2012,0.49,0.49,NaN,NaN,NaN,,,
2012,11/1/2012,0.49,0.45,NaN,NaN,NaN,,,
2012,11/1/2012,0.49,0.46,NaN,NaN,NaN,,,
2012,11/1/2012,0.49,0.5,NaN,NaN,NaN,,,
2012,11/2/2012,0.5,0.48,NaN,NaN,NaN,,,
2012,11/2/2012,0.49,0.49,NaN,NaN,NaN,,,
2012,11/2/2012,0.48,0.49,NaN,NaN,NaN,,,
2012,10/4/2012,0.47,0.47,NaN,NaN,NaN,,,
2012,10/4/2012,0.46,0.46,NaN,NaN,NaN,,,
2012,10/4/2012,0.45,0.49,NaN,NaN,NaN,,,
2012,10/4/2012,0.47,0.49,NaN,NaN,NaN,,,
2012,10/4/2012,0.47,0.49,NaN,NaN,NaN,,,
2012,10/4/2012,0.46,0.47,NaN,NaN,NaN,,,
2012,10/5/2012,0.45,0.45,NaN,NaN,NaN,,,
2012,10/7/2012,0.46,0.44,NaN,NaN,NaN,,,
2012,10/7/2012,0.45,0.46,NaN,NaN,NaN,,,
2012,10/7/2012,0.49,0.48,NaN,NaN,NaN,,,
2012,10/7/2012,0.44,0.47,NaN,NaN,NaN,,,
2012,10/9/2012,0.46,0.5,NaN,NaN,NaN,,,
2012,10/10/2012,0.47,0.47,NaN,NaN,NaN,,,
2012,10/10/2012,0.49,0.46,NaN,NaN,NaN,,,
2012,10/10/2012,0.5,0.43,NaN,NaN,NaN,,,
2012,10/10/2012,0.47,0.45,NaN,NaN,NaN,,,
2012,10/11/2012,0.48,0.45,NaN,NaN,NaN,,,
2012,10/13/2012,0.47,0.49,NaN,NaN,NaN,,,
2012,10/14/2012,0.45,0.52,NaN,NaN,NaN,,,
2012,10/14/2012,0.46,0.49,NaN,NaN,NaN,,,
2012,10/15/2012,0.47,0.49,NaN,NaN,NaN,,,
2012,10/15/2012,0.49,0.48,NaN,NaN,NaN,,,
2012,10/17/2012,0.49,0.47,NaN,NaN,NaN,,,
2012,10/17/2012,0.48,0.46,NaN,NaN,NaN,,,
2012,10/17/2012,0.47,0.47,NaN,NaN,NaN,,,
2012,10/17/2012,0.49,0.44,NaN,NaN,NaN,,,
2012,10/17/2012,0.47,0.45,NaN,NaN,NaN,,,
2012,10/18/2012,0.5,0.47,NaN,NaN,NaN,,,
2012,10/18/2012,0.49,0.48,NaN,NaN,NaN,,,
2012,10/18/2012,0.45,0.48,NaN,NaN,NaN,,,
2012,10/19/2012,0.48,0.4,NaN,NaN,NaN,,,
2012,10/19/2012,0.45,0.44,NaN,NaN,NaN,,,
2012,10/19/2012,0.45,0.47,NaN,NaN,NaN,,,
2012,10/20/2012,0.46,0.5,NaN,NaN,NaN,,,
2012,10/21/2012,0.47,0.5,NaN,NaN,NaN,,,
2012,10/22/2012,0.49,0.48,NaN,NaN,NaN,,,
2012,10/22/2012,0.49,0.48,NaN,NaN,NaN,,,
2012,10/22/2012,0.49,0.48,NaN,NaN,NaN,,,
2012,10/22/2012,0.45,0.44,NaN,NaN,NaN,,,
2012,10/22/2012,0.48,0.48,NaN,NaN,NaN,,,
2012,10/22/2012,0.46,0.51,NaN,NaN,NaN,,,
2012,10/22/2012,0.46,0.43,NaN,NaN,NaN,,,
2012,10/23/2012,0.47,0.48,NaN,NaN,NaN,,,
2012,10/24/2012,0.51,0.39,NaN,NaN,NaN,,,
2012,10/24/2012,0.49,0.46,NaN,NaN,NaN,,,
2012,10/24/2012,0.47,0.45,NaN,NaN,NaN,,,
2012,10/24/2012,0.47,0.47,NaN,NaN,NaN,,,
2012,10/25/2012,0.49,0.49,NaN,NaN,NaN,,,
2012,10/25/2012,0.48,0.47,NaN,NaN,NaN,,,
2012,10/25/2012,0.49,0.49,NaN,NaN,NaN,,,
2012,10/25/2012,0.5,0.45,NaN,NaN,NaN,,,
2012,10/26/2012,0.48,0.46,NaN,NaN,NaN,,,
2012,10/26/2012,0.48,0.47,NaN,NaN,NaN,,,
2012,10/27/2012,0.47,0.49,NaN,NaN,NaN,,,
2012,10/28/2012,0.46,0.45,NaN,NaN,NaN,,,
2012,10/28/2012,0.46,0.46,NaN,NaN,NaN,,,
2012,10/28/2012,0.45,0.48,NaN,NaN,NaN,,,
2012,10/28/2012,0.49,0.48,NaN,NaN,NaN,,,
2012,10/29/2012,0.49,0.49,NaN,NaN,NaN,,,
2012,10/29/2012,0.48,0.49,NaN,NaN,NaN,,,
2012,10/30/2012,0.49,0.48,NaN,NaN,NaN,,,
2012,10/31/2012,0.49,0.48,NaN,NaN,NaN,,,
2012,10/31/2012,0.49,0.42,NaN,NaN,NaN,,,
2012,10/31/2012,0.48,0.45,NaN,NaN,NaN,,,
2012,10/31/2012,0.49,0.47,NaN,NaN,NaN,,,
2012,10/31/2012,0.48,0.42,NaN,NaN,NaN,,,
2012,10/31/2012,0.48,0.47,NaN,NaN,NaN,,,
2012,9/6/2012,0.45,0.41,NaN,NaN,NaN,,,
2012,9/6/2012,0.48,0.43,NaN,NaN,NaN,,,
2012,9/6/2012,0.5,0.44,NaN,NaN,NaN,,,
2012,9/7/2012,0.5,0.44,NaN,NaN,NaN,,,
2012,9/7/2012,0.49,0.48,NaN,NaN,NaN,,,
2012,9/7/2012,0.53,0.45,NaN,NaN,NaN,,,
2012,9/7/2012,0.52,0.46,NaN,NaN,NaN,,,
2012,9/7/2012,0.5,0.44,NaN,NaN,NaN,,,
2012,9/7/2012,0.52,0.41,NaN,NaN,NaN,,,
2012,9/7/2012,0.5,0.46,NaN,NaN,NaN,,,
2012,9/8/2012,0.49,0.45,NaN,NaN,NaN,,,
2012,9/8/2012,0.46,0.45,NaN,NaN,NaN,,,
2012,9/8/2012,0.51,0.43,NaN,NaN,NaN,,,
2012,9/8/2012,0.49,0.46,NaN,NaN,NaN,,,
2012,9/8/2012,0.5,0.45,NaN,NaN,NaN,,,
2012,9/8/2012,0.49,0.45,NaN,NaN,NaN,,,
2012,9/9/2012,0.46,0.42,NaN,NaN,NaN,,,
2012,9/9/2012,0.48,0.43,NaN,NaN,NaN,,,
2012,9/11/2012,0.48,0.42,NaN,NaN,NaN,,,
2012,9/11/2012,0.46,0.43,NaN,NaN,NaN,,,
2012,9/12/2012,0.5,0.44,NaN,NaN,NaN,,,
2012,9/12/2012,0.5,0.45,NaN,NaN,NaN,,,
2012,9/12/2012,0.51,0.42,NaN,NaN,NaN,,,
2012,9/12/2012,0.51,0.43,NaN,NaN,NaN,,,
2012,9/12/2012,0.46,0.41,NaN,NaN,NaN,,,
2012,9/12/2012,0.48,0.43,NaN,NaN,NaN,,,
2012,9/13/2012,0.48,0.41,NaN,NaN,NaN,,,
2012,9/13/2012,0.48,0.45,NaN,NaN,NaN,,,
2012,9/13/2012,0.52,0.37,NaN,NaN,NaN,,,
2012,9/13/2012,0.5,0.4,NaN,NaN,NaN,,,
2012,9/13/2012,0.47,0.46,NaN,NaN,NaN,,,
2012,9/13/2012,0.52,0.45,NaN,NaN,NaN,,,
2012,9/15/2012,0.5,0.43,NaN,NaN,NaN,,,
2012,9/16/2012,0.5,0.46,NaN,NaN,NaN,,,
2012,9/19/2012,0.48,0.46,NaN,NaN,NaN,,,
2012,9/19/2012,0.5,0.44,NaN,NaN,NaN,,,
2012,9/20/2012,0.5,0.45,NaN,NaN,NaN,,,
2012,9/20/2012,0.49,0.43,NaN,NaN,NaN,,,
2012,9/21/2012,0.49,0.41,NaN,NaN,NaN,,,
2012,9/21/2012,0.49,0.43,NaN,NaN,NaN,,,
2012,9/23/2012,0.46,0.46,NaN,NaN,NaN,,,
2012,9/24/2012,0.5,0.47,NaN,NaN,NaN,,,
2012,9/25/2012,0.49,0.45,NaN,NaN,NaN,,,
2012,9/26/2012,0.49,0.44,NaN,NaN,NaN,,,
2012,9/26/2012,0.49,0.47,NaN,NaN,NaN,,,
2012,9/26/2012,0.49,0.41,NaN,NaN,NaN,,,
2012,9/26/2012,0.48,0.43,NaN,NaN,NaN,,,
2012,9/26/2012,0.51,0.44,NaN,NaN,NaN,,,
2012,9/26/2012,0.49,0.46,NaN,NaN,NaN,,,
2012,9/27/2012,0.49,0.45,NaN,NaN,NaN,,,
2012,9/28/2012,0.5,0.46,NaN,NaN,NaN,,,
2012,9/28/2012,0.5,0.47,NaN,NaN,NaN,,,
2012,9/28/2012,0.47,0.44,NaN,NaN,NaN,,,
2012,9/28/2012,0.47,0.43,NaN,NaN,NaN,,,
2012,9/7/2012,0.5,0.41,NaN,NaN,NaN,,,
2012,9/7/2012,0.51,0.43,NaN,NaN,NaN,,,
2016,11/1/2016,0.49,0.46,NaN,NaN,NaN,,,
2016,11/4/2016,0.49,0.45,NaN,NaN,NaN,,,
2016,11/4/2016,0.46,0.43,NaN,NaN,NaN,,,
2016,11/3/2016,0.49,0.46,NaN,NaN,NaN,,,
2016,11/3/2016,0.48,0.44,NaN,NaN,NaN,,,
2016,11/3/2016,0.43,0.42,NaN,NaN,NaN,,,
2016,11/3/2016,0.5,0.44,NaN,NaN,NaN,,,
2016,11/2/2016,0.44,0.39,NaN,NaN,NaN,,,
2016,11/2/2016,0.47,0.43,NaN,NaN,NaN,,,
2016,10/31/2016,0.51,0.44,NaN,NaN,NaN,,,
2016,10/4/2016,0.43,0.39,NaN,NaN,NaN,,,
2016,11/3/2016,0.48,0.43,NaN,NaN,NaN,,,
2016,11/2/2016,0.49,0.45,NaN,NaN,NaN,,,
2016,11/2/2016,0.45,0.44,NaN,NaN,NaN,,,
2016,10/30/2016,0.49,0.46,NaN,NaN,NaN,,,
2016,10/30/2016,0.43,0.48,NaN,NaN,NaN,,,
2016,11/1/2016,0.49,0.44,NaN,NaN,NaN,,,
2016,11/1/2016,0.46,0.43,NaN,NaN,NaN,,,
2016,10/31/2016,0.44,0.4,NaN,NaN,NaN,,,
2016,10/29/2016,0.49,0.48,NaN,NaN,NaN,,,
2016,10/29/2016,0.43,0.48,NaN,NaN,NaN,,,
2016,11/1/2016,0.46,0.45,NaN,NaN,NaN,,,
2016,11/1/2016,0.46,0.44,NaN,NaN,NaN,,,
2016,10/30/2016,0.44,0.39,NaN,NaN,NaN,,,
2016,10/31/2016,0.49,0.45,NaN,NaN,NaN,,,
2016,10/30/2016,0.45,0.44,NaN,NaN,NaN,,,
2016,10/28/2016,0.49,0.48,NaN,NaN,NaN,,,
2016,10/30/2016,0.49,0.46,NaN,NaN,NaN,,,
2016,10/29/2016,0.45,0.39,NaN,NaN,NaN,,,
2016,10/29/2016,0.44,0.44,NaN,NaN,NaN,,,
2016,10/27/2016,0.49,0.48,NaN,NaN,NaN,,,
2016,10/29/2016,0.49,0.47,NaN,NaN,NaN,,,
2016,10/28/2016,0.47,0.44,NaN,NaN,NaN,,,
2016,10/28/2016,0.45,0.39,NaN,NaN,NaN,,,
2016,10/30/2016,0.48,0.45,NaN,NaN,NaN,,,
2016,10/27/2016,0.44,0.44,NaN,NaN,NaN,,,
2016,10/26/2016,0.49,0.48,NaN,NaN,NaN,,,
2016,10/26/2016,0.42,0.48,NaN,NaN,NaN,,,
2016,10/28/2016,0.48,0.47,NaN,NaN,NaN,,,
2016,10/26/2016,0.45,0.44,NaN,NaN,NaN,,,
2016,10/29/2016,0.46,0.43,NaN,NaN,NaN,,,
2016,10/27/2016,0.52,0.47,NaN,NaN,NaN,,,
2016,10/27/2016,0.48,0.47,NaN,NaN,NaN,,,
2016,10/26/2016,0.44,0.39,NaN,NaN,NaN,,,
2016,10/25/2016,0.45,0.43,NaN,NaN,NaN,,,
2016,10/24/2016,0.49,0.48,NaN,NaN,NaN,,,
2016,10/24/2016,0.51,0.44,NaN,NaN,NaN,,,
2016,10/26/2016,0.49,0.47,NaN,NaN,NaN,,,
2016,10/24/2016,0.45,0.41,NaN,NaN,NaN,,,
2016,10/23/2016,0.48,0.48,NaN,NaN,NaN,,,
2016,10/27/2016,0.46,0.41,NaN,NaN,NaN,,,
2016,10/25/2016,0.46,0.45,NaN,NaN,NaN,,,
2016,10/23/2016,0.46,0.41,NaN,NaN,NaN,,,
2016,10/24/2016,0.49,0.46,NaN,NaN,NaN,,,
2016,10/22/2016,0.45,0.42,NaN,NaN,NaN,,,
2016,10/21/2016,0.42,0.36,NaN,NaN,NaN,,,
2016,10/21/2016,0.44,0.46,NaN,NaN,NaN,,,
2016,10/23/2016,0.5,0.45,NaN,NaN,NaN,,,
2016,10/22/2016,0.49,0.46,NaN,NaN,NaN,,,
2016,10/21/2016,0.44,0.42,NaN,NaN,NaN,,,
2016,10/20/2016,0.49,0.47,NaN,NaN,NaN,,,
2016,10/22/2016,0.49,0.44,NaN,NaN,NaN,,,
2016,10/22/2016,0.51,0.44,NaN,NaN,NaN,,,
2016,10/20/2016,0.5,0.43,NaN,NaN,NaN,,,
2016,10/20/2016,0.43,0.41,NaN,NaN,NaN,,,
2016,10/19/2016,0.49,0.47,NaN,NaN,NaN,,,
2016,10/19/2016,0.44,0.45,NaN,NaN,NaN,,,
2016,10/21/2016,0.47,0.37,NaN,NaN,NaN,,,
2016,10/21/2016,0.51,0.43,NaN,NaN,NaN,,,
2016,10/21/2016,0.53,0.41,NaN,NaN,NaN,,,
2016,10/20/2016,0.54,0.41,NaN,NaN,NaN,,,
2016,10/20/2016,0.49,0.39,NaN,NaN,NaN,,,
2016,10/20/2016,0.43,0.37,NaN,NaN,NaN,,,
2016,10/19/2016,0.43,0.42,NaN,NaN,NaN,,,
2016,10/20/2016,0.53,0.41,NaN,NaN,NaN,,,
2016,10/20/2016,0.51,0.45,NaN,NaN,NaN,,,
2016,10/18/2016,0.42,0.42,NaN,NaN,NaN,,,
2016,10/17/2016,0.5,0.44,NaN,NaN,NaN,,,
2016,10/17/2016,0.49,0.46,NaN,NaN,NaN,,,
2016,10/20/2016,0.53,0.41,NaN,NaN,NaN,,,
2016,10/17/2016,0.42,0.43,NaN,NaN,NaN,,,
2016,10/16/2016,0.42,0.42,NaN,NaN,NaN,,,
2016,10/19/2016,0.46,0.4,NaN,NaN,NaN,,,
2016,10/17/2016,0.49,0.42,NaN,NaN,NaN,,,
2016,10/15/2016,0.43,0.41,NaN,NaN,NaN,,,
2016,10/14/2016,0.44,0.45,NaN,NaN,NaN,,,
2016,10/14/2016,0.44,0.4,NaN,NaN,NaN,,,
2016,10/14/2016,0.43,0.41,NaN,NaN,NaN,,,
2016,10/17/2016,0.5,0.44,NaN,NaN,NaN,,,
2016,10/15/2016,0.47,0.43,NaN,NaN,NaN,,,
2016,10/13/2016,0.44,0.41,NaN,NaN,NaN,,,
2016,10/15/2016,0.49,0.42,NaN,NaN,NaN,,,
2016,10/14/2016,0.5,0.41,NaN,NaN,NaN,,,
2016,10/13/2016,0.43,0.39,NaN,NaN,NaN,,,
2016,10/12/2016,0.51,0.36,NaN,NaN,NaN,,,
2016,10/11/2016,0.51,0.46,NaN,NaN,NaN,,,
2016,10/14/2016,0.53,0.41,NaN,NaN,NaN,,,
2016,10/12/2016,0.51,0.4,NaN,NaN,NaN,,,
2016,10/10/2016,0.51,0.43,NaN,NaN,NaN,,,
2016,10/10/2016,0.5,0.46,NaN,NaN,NaN,,,
2016,10/13/2016,0.46,0.41,NaN,NaN,NaN,,,
2016,10/10/2016,0.51,0.41,NaN,NaN,NaN,,,
2016,10/10/2016,0.5,0.46,NaN,NaN,NaN,,,
2016,10/9/2016,0.46,0.41,NaN,NaN,NaN,,,
2016,10/8/2016,0.47,0.39,NaN,NaN,NaN,,,
2016,10/7/2016,0.5,0.45,NaN,NaN,NaN,,,
2016,10/10/2016,0.49,0.41,NaN,NaN,NaN,,,
2016,10/10/2016,0.46,0.41,NaN,NaN,NaN,,,
2016,10/8/2016,0.5,0.4,NaN,NaN,NaN,,,
2016,10/6/2016,0.44,0.37,NaN,NaN,NaN,,,
2016,10/4/2016,0.5,0.44,NaN,NaN,NaN,,,
2016,9/27/2016,0.53,0.44,NaN,NaN,NaN,,,
2016,10/8/2016,0.52,0.38,NaN,NaN,NaN,,,
2016,10/3/2016,0.51,0.44,NaN,NaN,NaN,,,
2016,10/3/2016,0.49,0.44,NaN,NaN,NaN,,,
2016,10/8/2016,0.45,0.41,NaN,NaN,NaN,,,
2016,10/7/2016,0.48,0.43,NaN,NaN,NaN,,,
2016,10/5/2016,0.44,0.42,NaN,NaN,NaN,,,
2016,10/5/2016,0.5,0.44,NaN,NaN,NaN,,,
2016,10/3/2016,0.48,0.44,NaN,NaN,NaN,,,
2016,9/30/2016,0.43,0.38,NaN,NaN,NaN,,,
2016,9/30/2016,0.48,0.47,NaN,NaN,NaN,,,
2016,9/28/2016,0.47,0.48,NaN,NaN,NaN,,,
2016,9/28/2016,0.43,0.47,NaN,NaN,NaN,,,
2016,10/1/2016,0.48,0.43,NaN,NaN,NaN,,,
2016,9/29/2016,0.44,0.37,NaN,NaN,NaN,,,
2016,9/30/2016,0.46,0.39,NaN,NaN,NaN,,,
2016,9/28/2016,0.5,0.4,NaN,NaN,NaN,,,
2016,9/28/2016,0.49,0.43,NaN,NaN,NaN,,,
2016,9/28/2016,0.47,0.42,NaN,NaN,NaN,,,
2016,9/26/2016,0.5,0.44,NaN,NaN,NaN,,,
2016,9/26/2016,0.47,0.49,NaN,NaN,NaN,,,
2016,9/24/2016,0.42,0.47,NaN,NaN,NaN,,,
2016,9/27/2016,0.49,0.44,NaN,NaN,NaN,,,
2016,9/23/2016,0.43,0.38,NaN,NaN,NaN,,,
2016,9/23/2016,0.47,0.49,NaN,NaN,NaN,,,
2016,9/27/2016,0.49,0.45,NaN,NaN,NaN,,,
2016,9/27/2016,0.42,0.38,NaN,NaN,NaN,,,
2016,9/26/2016,0.47,0.42,NaN,NaN,NaN,,,
2016,9/26/2016,0.45,0.41,NaN,NaN,NaN,,,
2016,9/21/2016,0.48,0.48,NaN,NaN,NaN,,,
2016,9/22/2016,0.44,0.38,NaN,NaN,NaN,,,
2016,9/22/2016,0.47,0.46,NaN,NaN,NaN,,,
2016,9/22/2016,0.49,0.46,NaN,NaN,NaN,,,
2016,9/19/2016,0.51,0.44,NaN,NaN,NaN,,,
2016,9/19/2016,0.42,0.46,NaN,NaN,NaN,,,
2016,9/19/2016,0.48,0.47,NaN,NaN,NaN,,,
2016,9/22/2016,0.44,0.42,NaN,NaN,NaN,,,
2016,9/21/2016,0.46,0.46,NaN,NaN,NaN,,,
2016,9/19/2016,0.49,0.47,NaN,NaN,NaN,,,
2016,9/16/2016,0.41,0.37,NaN,NaN,NaN,,,
2016,9/15/2016,0.43,0.45,NaN,NaN,NaN,,,
2016,9/17/2016,0.47,0.44,NaN,NaN,NaN,,,
2016,9/15/2016,0.48,0.41,NaN,NaN,NaN,,,
2016,9/14/2016,0.42,0.46,NaN,NaN,NaN,,,
2016,9/18/2016,0.45,0.44,NaN,NaN,NaN,,,
2016,9/16/2016,0.48,0.41,NaN,NaN,NaN,,,
2016,9/15/2016,0.39,0.39,NaN,NaN,NaN,,,
2016,9/15/2016,0.5,0.44,NaN,NaN,NaN,,,
2016,9/13/2016,0.42,0.47,NaN,NaN,NaN,,,
2016,9/12/2016,0.48,0.47,NaN,NaN,NaN,,,
2016,9/12/2016,0.5,0.45,NaN,NaN,NaN,,,
2016,9/10/2016,0.47,0.47,NaN,NaN,NaN,,,
2016,9/9/2016,0.47,0.48,NaN,NaN,NaN,,,
2016,9/9/2016,0.42,0.38,NaN,NaN,NaN,,,
2016,9/9/2016,0.41,0.47,NaN,NaN,NaN,,,
2016,9/11/2016,0.45,0.46,NaN,NaN,NaN,,,
2016,9/8/2016,0.47,0.48,NaN,NaN,NaN,,,
2016,9/8/2016,0.41,0.47,NaN,NaN,NaN,,,
2016,9/10/2016,0.46,0.44,NaN,NaN,NaN,,,
2016,9/9/2016,0.46,0.44,NaN,NaN,NaN,,,
2016,9/8/2016,0.48,0.43,NaN,NaN,NaN,,,
2016,9/7/2016,0.47,0.48,NaN,NaN,NaN,,,
2016,9/7/2016,0.42,0.47,NaN,NaN,NaN,,,
2016,9/8/2016,0.4,0.39,NaN,NaN,NaN,,,
2016,9/6/2016,0.46,0.49,NaN,NaN,NaN,,,
2016,8/16/2016,0.52,0.44,NaN,NaN,NaN,,,
2016,9/5/2016,0.48,0.44,NaN,NaN,NaN,,,
2016,9/5/2016,0.46,0.49,NaN,NaN,NaN,,,
2016,9/6/2016,0.44,0.43,NaN,NaN,NaN,,,
2016,9/5/2016,0.51,0.43,NaN,NaN,NaN,,,
2016,9/2/2016,0.45,0.44,NaN,NaN,NaN,,,
2016,9/2/2016,0.46,0.48,NaN,NaN,NaN,,,
2016,9/1/2016,0.47,0.48,NaN,NaN,NaN,,,
2016,9/4/2016,0.44,0.42,NaN,NaN,NaN,,,
2016,8/31/2016,0.47,0.47,NaN,NaN,NaN,,,
2016,9/1/2016,0.4,0.38,NaN,NaN,NaN,,,
2016,8/30/2016,0.48,0.46,NaN,NaN,NaN,,,
2016,9/1/2016,0.48,0.49,NaN,NaN,NaN,,,
2016,8/29/2016,0.48,0.42,NaN,NaN,NaN,,,
2016,8/29/2016,0.49,0.47,NaN,NaN,NaN,,,
2016,8/28/2016,0.49,0.46,NaN,NaN,NaN,,,
2016,9/1/2016,0.42,0.4,NaN,NaN,NaN,,,
2016,8/26/2016,0.39,0.4,NaN,NaN,NaN,,,
2016,8/26/2016,0.44,0.43,NaN,NaN,NaN,,,
2016,8/28/2016,0.48,0.42,NaN,NaN,NaN,,,
2016,8/24/2016,0.49,0.46,NaN,NaN,NaN,,,
2016,8/25/2016,0.4,0.39,NaN,NaN,NaN,,,
2016,8/24/2016,0.48,0.41,NaN,NaN,NaN,,,
2016,8/23/2016,0.5,0.47,NaN,NaN,NaN,,,
2016,8/23/2016,0.42,0.45,NaN,NaN,NaN,,,
2016,8/26/2016,0.48,0.43,NaN,NaN,NaN,,,
2016,8/25/2016,0.49,0.42,NaN,NaN,NaN,,,
2016,8/22/2016,0.48,0.42,NaN,NaN,NaN,,,
2016,8/22/2016,0.5,0.47,NaN,NaN,NaN,,,
2016,8/21/2016,0.5,0.47,NaN,NaN,NaN,,,
2016,8/24/2016,0.43,0.4,NaN,NaN,NaN,,,
2016,8/22/2016,0.41,0.36,NaN,NaN,NaN,,,
2016,8/20/2016,0.42,0.35,NaN,NaN,NaN,,,
2016,8/18/2016,0.48,0.49,NaN,NaN,NaN,,,
2016,8/18/2016,0.51,0.41,NaN,NaN,NaN,,,
2016,8/18/2016,0.44,0.44,NaN,NaN,NaN,,,
2016,8/19/2016,0.47,0.44,NaN,NaN,NaN,,,
2016,8/17/2016,0.48,0.48,NaN,NaN,NaN,,,
2016,8/18/2016,0.45,0.33,NaN,NaN,NaN,,,
2016,8/16/2016,0.48,0.48,NaN,NaN,NaN,,,
2016,8/15/2016,0.48,0.47,NaN,NaN,NaN,,,
2016,8/15/2016,0.5,0.42,NaN,NaN,NaN,,,
2016,8/17/2016,0.47,0.42,NaN,NaN,NaN,,,
2016,8/16/2016,0.44,0.38,NaN,NaN,NaN,,,
2016,8/14/2016,0.48,0.47,NaN,NaN,NaN,,,
2016,8/14/2016,0.43,0.45,NaN,NaN,NaN,,,
2016,8/13/2016,0.41,0.36,NaN,NaN,NaN,,,
2016,8/11/2016,0.5,0.46,NaN,NaN,NaN,,,
2016,8/9/2016,0.51,0.44,NaN,NaN,NaN,,,
2016,8/11/2016,0.41,0.35,NaN,NaN,NaN,,,
2016,8/9/2016,0.5,0.4,NaN,NaN,NaN,,,
2016,8/9/2016,0.51,0.44,NaN,NaN,NaN,,,
2016,8/11/2016,0.44,0.37,NaN,NaN,NaN,,,
2016,8/8/2016,0.5,0.41,NaN,NaN,NaN,,,
2016,8/7/2016,0.5,0.45,NaN,NaN,NaN,,,
2016,8/7/2016,0.49,0.46,NaN,NaN,NaN,,,
2016,8/3/2016,0.49,0.45,NaN,NaN,NaN,,,
2016,8/6/2016,0.42,0.36,NaN,NaN,NaN,,,
2016,8/6/2016,0.48,0.41,NaN,NaN,NaN,,,
2016,8/3/2016,0.48,0.46,NaN,NaN,NaN,,,
2016,8/5/2016,0.5,0.44,NaN,NaN,NaN,,,
2016,8/4/2016,0.42,0.35,NaN,NaN,NaN,,,
2016,8/2/2016,0.49,0.45,NaN,NaN,NaN,,,
2016,8/4/2016,0.45,0.39,NaN,NaN,NaN,,,
2016,8/1/2016,0.49,0.44,NaN,NaN,NaN,,,
2016,8/1/2016,0.51,0.41,NaN,NaN,NaN,,,
2016,7/31/2016,0.5,0.43,NaN,NaN,NaN,,,
2016,7/31/2016,0.45,0.44,NaN,NaN,NaN,,,
2016,8/4/2016,0.46,0.37,NaN,NaN,NaN,,,
2016,8/1/2016,0.51,0.44,NaN,NaN,NaN,,,
2016,7/31/2016,0.42,0.39,NaN,NaN,NaN,,,
2016,7/29/2016,0.5,0.44,NaN,NaN,NaN,,,
2016,7/29/2016,0.46,0.39,NaN,NaN,NaN,,,
2016,8/1/2016,0.48,0.33,NaN,NaN,NaN,,,
2016,7/31/2016,0.47,0.38,NaN,NaN,NaN,,,
2016,7/30/2016,0.43,0.39,NaN,NaN,NaN,,,
2016,7/28/2016,0.45,0.44,NaN,NaN,NaN,,,
2016,7/27/2016,0.49,0.46,NaN,NaN,NaN,,,
2016,7/31/2016,0.49,0.39,NaN,NaN,NaN,,,
2016,7/27/2016,0.44,0.45,NaN,NaN,NaN,,,
2016,7/31/2016,0.46,0.43,NaN,NaN,NaN,,,
2016,7/28/2016,0.43,0.35,NaN,NaN,NaN,,,
2016,7/26/2016,0.43,0.45,NaN,NaN,NaN,,,
2016,7/29/2016,0.52,0.43,NaN,NaN,NaN,,,
2016,7/29/2016,0.47,0.41,NaN,NaN,NaN,,,
2016,7/25/2016,0.5,0.42,NaN,NaN,NaN,,,
2016,7/29/2016,0.43,0.4,NaN,NaN,NaN,,,
2016,7/29/2016,0.5,0.45,NaN,NaN,NaN,,,
2016,11/4/2016,0.45,0.41,NaN,NaN,NaN,,,
2016,11/4/2016,0.49,0.45,NaN,NaN,NaN,,,
2016,11/4/2016,0.44,0.41,NaN,NaN,NaN,,,
2016,11/3/2016,0.47,0.43,NaN,NaN,NaN,,,
2016,11/3/2016,0.47,0.43,NaN,NaN,NaN,,,
2016,11/3/2016,0.48,0.44,NaN,NaN,NaN,,,
2016,11/3/2016,0.41,0.43,NaN,NaN,NaN,,,
2016,11/3/2016,0.5,0.44,NaN,NaN,NaN,,,
2016,11/2/2016,0.42,0.39,NaN,NaN,NaN,,,
2016,11/2/2016,0.45,0.41,NaN,NaN,NaN,,,
2016,11/2/2016,0.45,0.43,NaN,NaN,NaN,,,
2016,10/31/2016,0.47,0.41,NaN,NaN,NaN,,,
2016,11/4/2016,0.45,0.42,NaN,NaN,NaN,,,
2016,11/3/2016,0.44,0.4,NaN,NaN,NaN,,,
2016,11/2/2016,0.47,0.43,NaN,NaN,NaN,,,
2016,11/2/2016,0.43,0.44,NaN,NaN,NaN,,,
2016,11/1/2016,0.48,0.44,NaN,NaN,NaN,,,
2016,11/1/2016,0.48,0.43,NaN,NaN,NaN,,,
2016,11/1/2016,0.44,0.44,NaN,NaN,NaN,,,
2016,10/31/2016,0.43,0.39,NaN,NaN,NaN,,,
2016,11/1/2016,0.44,0.44,NaN,NaN,NaN,,,
2016,11/1/2016,0.45,0.43,NaN,NaN,NaN,,,
2016,11/1/2016,0.44,0.43,NaN,NaN,NaN,,,
2016,10/30/2016,0.44,0.44,NaN,NaN,NaN,,,
2016,10/31/2016,0.47,0.43,NaN,NaN,NaN,,,
2016,10/30/2016,0.44,0.37,NaN,NaN,NaN,,,
2016,11/1/2016,0.47,0.45,NaN,NaN,NaN,,,
2016,10/31/2016,0.42,0.45,NaN,NaN,NaN,,,
2016,10/30/2016,0.47,0.44,NaN,NaN,NaN,,,
2016,10/29/2016,0.44,0.44,NaN,NaN,NaN,,,
2016,10/29/2016,0.45,0.37,NaN,NaN,NaN,,,
2016,10/30/2016,0.44,0.44,NaN,NaN,NaN,,,
2016,10/30/2016,0.46,0.43,NaN,NaN,NaN,,,
2016,10/29/2016,0.47,0.45,NaN,NaN,NaN,,,
2016,10/28/2016,0.45,0.42,NaN,NaN,NaN,,,
2016,10/28/2016,0.55,0.47,NaN,NaN,NaN,,,
2016,10/27/2016,0.44,0.44,NaN,NaN,NaN,,,
2016,10/28/2016,0.46,0.46,NaN,NaN,NaN,,,
2016,10/27/2016,0.45,0.45,NaN,NaN,NaN,,,
2016,10/26/2016,0.45,0.44,NaN,NaN,NaN,,,
2016,10/29/2016,0.42,0.39,NaN,NaN,NaN,,,
2016,10/27/2016,0.45,0.46,NaN,NaN,NaN,,,
2016,10/26/2016,0.43,0.37,NaN,NaN,NaN,,,
2016,10/26/2016,0.45,0.42,NaN,NaN,NaN,,,
2016,10/25/2016,0.45,0.44,NaN,NaN,NaN,,,
2016,10/24/2016,0.47,0.41,NaN,NaN,NaN,,,
2016,10/26/2016,0.46,0.45,NaN,NaN,NaN,,,
2016,10/24/2016,0.44,0.42,NaN,NaN,NaN,,,
2016,10/27/2016,0.37,0.37,NaN,NaN,NaN,,,
2016,10/27/2016,0.42,0.39,NaN,NaN,NaN,,,
2016,10/25/2016,0.46,0.45,NaN,NaN,NaN,,,
2016,10/23/2016,0.45,0.41,NaN,NaN,NaN,,,
2016,10/25/2016,0.45,0.45,NaN,NaN,NaN,,,
2016,10/24/2016,0.47,0.45,NaN,NaN,NaN,,,
2016,10/22/2016,0.44,0.41,NaN,NaN,NaN,,,
2016,10/25/2016,0.46,0.45,NaN,NaN,NaN,,,
2016,10/24/2016,0.45,0.44,NaN,NaN,NaN,,,
2016,10/23/2016,0.48,0.44,NaN,NaN,NaN,,,
2016,10/22/2016,0.46,0.41,NaN,NaN,NaN,,,
2016,10/22/2016,0.45,0.34,NaN,NaN,NaN,,,
2016,10/21/2016,0.43,0.41,NaN,NaN,NaN,,,
2016,10/23/2016,0.44,0.43,NaN,NaN,NaN,,,
2016,10/22/2016,0.44,0.41,NaN,NaN,NaN,,,
2016,10/22/2016,0.48,0.42,NaN,NaN,NaN,,,
2016,10/20/2016,0.46,0.4,NaN,NaN,NaN,,,
2016,10/20/2016,0.42,0.41,NaN,NaN,NaN,,,
2016,10/21/2016,0.43,0.34,NaN,NaN,NaN,,,
2016,10/21/2016,0.49,0.4,NaN,NaN,NaN,,,
2016,10/21/2016,0.5,0.38,NaN,NaN,NaN,,,
2016,10/20/2016,0.51,0.37,NaN,NaN,NaN,,,
2016,10/20/2016,0.47,0.38,NaN,NaN,NaN,,,
2016,10/20/2016,0.42,0.38,NaN,NaN,NaN,,,
2016,10/20/2016,0.43,0.42,NaN,NaN,NaN,,,
2016,10/19/2016,0.42,0.41,NaN,NaN,NaN,,,
2016,10/20/2016,0.5,0.38,NaN,NaN,NaN,,,
2016,10/20/2016,0.49,0.44,NaN,NaN,NaN,,,
2016,10/19/2016,0.41,0.43,NaN,NaN,NaN,,,
2016,10/18/2016,0.41,0.41,NaN,NaN,NaN,,,
2016,10/18/2016,0.45,0.4,NaN,NaN,NaN,,,
2016,10/17/2016,0.46,0.41,NaN,NaN,NaN,,,
2016,10/20/2016,0.5,0.38,NaN,NaN,NaN,,,
2016,10/17/2016,0.41,0.43,NaN,NaN,NaN,,,
2016,10/16/2016,0.4,0.42,NaN,NaN,NaN,,,
2016,10/19/2016,0.42,0.36,NaN,NaN,NaN,,,
2016,10/18/2016,0.41,0.43,NaN,NaN,NaN,,,
2016,10/14/2016,0.43,0.39,NaN,NaN,NaN,,,
2016,10/17/2016,0.4,0.43,NaN,NaN,NaN,,,
2016,10/14/2016,0.4,0.41,NaN,NaN,NaN,,,
2016,10/17/2016,0.47,0.4,NaN,NaN,NaN,,,
2016,10/15/2016,0.42,0.38,NaN,NaN,NaN,,,
2016,10/13/2016,0.4,0.41,NaN,NaN,NaN,,,
2016,10/15/2016,0.45,0.39,NaN,NaN,NaN,,,
2016,10/14/2016,0.47,0.38,NaN,NaN,NaN,,,
2016,10/13/2016,0.42,0.41,NaN,NaN,NaN,,,
2016,10/13/2016,0.42,0.38,NaN,NaN,NaN,,,
2016,10/14/2016,0.5,0.38,NaN,NaN,NaN,,,
2016,10/12/2016,0.47,0.38,NaN,NaN,NaN,,,
2016,10/12/2016,0.43,0.41,NaN,NaN,NaN,,,
2016,10/10/2016,0.46,0.4,NaN,NaN,NaN,,,
2016,10/13/2016,0.42,0.36,NaN,NaN,NaN,,,
2016,10/11/2016,0.46,0.36,NaN,NaN,NaN,,,
2016,10/11/2016,0.41,0.43,NaN,NaN,NaN,,,
2016,10/10/2016,0.48,0.37,NaN,NaN,NaN,,,
2016,10/10/2016,0.47,0.43,NaN,NaN,NaN,,,
2016,10/9/2016,0.46,0.41,NaN,NaN,NaN,,,
2016,10/8/2016,0.47,0.39,NaN,NaN,NaN,,,
2016,10/10/2016,0.45,0.38,NaN,NaN,NaN,,,
2016,10/10/2016,0.41,0.43,NaN,NaN,NaN,,,
2016,10/10/2016,0.47,0.41,NaN,NaN,NaN,,,
2016,10/9/2016,0.43,0.39,NaN,NaN,NaN,,,
2016,10/10/2016,0.42,0.37,NaN,NaN,NaN,,,
2016,10/8/2016,0.45,0.36,NaN,NaN,NaN,,,
2016,10/6/2016,0.44,0.39,NaN,NaN,NaN,,,
2016,10/6/2016,0.44,0.37,NaN,NaN,NaN,,,
2016,9/27/2016,0.46,0.39,NaN,NaN,NaN,,,
2016,10/8/2016,0.46,0.35,NaN,NaN,NaN,,,
2016,10/5/2016,0.45,0.38,NaN,NaN,NaN,,,
2016,10/5/2016,0.49,0.38,NaN,NaN,NaN,,,
2016,10/3/2016,0.46,0.41,NaN,NaN,NaN,,,
2016,10/8/2016,0.42,0.38,NaN,NaN,NaN,,,
2016,10/7/2016,0.44,0.38,NaN,NaN,NaN,,,
2016,10/5/2016,0.41,0.39,NaN,NaN,NaN,,,
2016,10/5/2016,0.45,0.4,NaN,NaN,NaN,,,
2016,10/4/2016,0.43,0.42,NaN,NaN,NaN,,,
2016,10/3/2016,0.44,0.42,NaN,NaN,NaN,,,
2016,9/30/2016,0.42,0.37,NaN,NaN,NaN,,,
2016,10/3/2016,0.41,0.43,NaN,NaN,NaN,,,
2016,10/3/2016,0.44,0.44,NaN,NaN,NaN,,,
2016,10/1/2016,0.43,0.4,NaN,NaN,NaN,,,
2016,9/29/2016,0.42,0.36,NaN,NaN,NaN,,,
2016,9/29/2016,0.42,0.41,NaN,NaN,NaN,,,
2016,9/30/2016,0.42,0.36,NaN,NaN,NaN,,,
2016,9/28/2016,0.45,0.36,NaN,NaN,NaN,,,
2016,9/28/2016,0.45,0.41,NaN,NaN,NaN,,,
2016,9/28/2016,0.47,0.42,NaN,NaN,NaN,,,
2016,9/28/2016,0.43,0.4,NaN,NaN,NaN,,,
2016,9/26/2016,0.46,0.4,NaN,NaN,NaN,,,
2016,9/27/2016,0.43,0.4,NaN,NaN,NaN,,,
2016,9/23/2016,0.42,0.38,0.07,0.02,NaN,,,
2016,9/26/2016,0.42,0.41,0.07,0.01,NaN,,,
2016,9/26/2016,0.41,0.38,0.08,0.02,NaN,,,
2016,9/1/2016,0.49,0.41,0.04,0.02,NaN,,,
2016,9/22/2016,0.42,0.38,0.07,0.01,NaN,,,
2016,9/22/2016,0.44,0.43,0.08,0.02,NaN,,,
2016,9/22/2016,0.46,0.42,0.08,0.02,NaN,,,
2016,9/19/2016,0.45,0.4,0.1,0.01,NaN,,,
2016,9/22/2016,0.38,0.39,0.09,0.03,NaN,,,
2016,9/22/2016,0.44,0.41,0.05,0.02,NaN,,,
2016,9/21/2016,0.41,0.43,0.08,0.02,NaN,,,
2016,9/19/2016,0.46,0.44,0.05,0.03,NaN,,,
2016,9/18/2016,0.45,0.43,0.06,0.02,NaN,,,
2016,9/16/2016,0.39,0.37,0.07,0.02,NaN,,,
2016,9/20/2016,0.39,0.44,0.08,0.02,NaN,,,
2016,9/20/2016,0.44,0.4,0.05,0.02,NaN,,,
2016,9/15/2016,0.45,0.39,0.1,0.02,NaN,,,
2016,9/18/2016,0.4,0.38,0.07,0.02,NaN,,,
2016,9/16/2016,0.43,0.37,0.09,0.02,NaN,,,
2016,9/15/2016,0.42,0.37,0.05,0.02,NaN,,,
2016,9/15/2016,0.37,0.39,0.07,0.01,NaN,,,
2016,9/15/2016,0.45,0.39,0.09,0.02,NaN,,,
2016,9/12/2016,0.45,0.4,0.1,0.02,NaN,,,
2016,9/15/2016,0.42,0.4,0.08,0.02,NaN,,,
2016,9/12/2016,0.46,0.41,0.09,0.02,NaN,,,
2016,9/11/2016,0.41,0.4,0.08,0.02,NaN,,,
2016,9/12/2016,0.4,0.42,0.07,0.01,NaN,,,
2016,9/11/2016,0.41,0.43,0.09,0.01,NaN,,,
2016,9/10/2016,0.42,0.4,0.05,0.02,NaN,,,
2016,9/9/2016,0.42,0.42,0.08,0.02,NaN,,,
2016,9/8/2016,0.41,0.39,0.13,0.02,NaN,,,
2016,9/8/2016,0.39,0.39,0.08,0.02,NaN,,,
2016,8/16/2016,0.45,0.38,0.1,0.02,NaN,,,
2016,9/5/2016,0.42,0.4,0.11,0.02,NaN,,,
2016,9/7/2016,0.43,0.4,0.07,0.04,NaN,,,
2016,9/6/2016,0.43,0.41,0.1,0.02,NaN,,,
2016,9/5/2016,0.46,0.41,0.09,0.02,NaN,,,
2016,9/6/2016,0.43,0.39,0.09,0.02,NaN,,,
2016,9/4/2016,0.4,0.38,0.07,0.02,NaN,,,
2016,9/1/2016,0.4,0.38,0.08,0.02,NaN,,,
2016,9/1/2016,0.43,0.45,0.07,0.05,NaN,,,
2016,8/31/2016,0.44,0.41,0.08,0.02,NaN,,,
2016,8/29/2016,0.41,0.37,0.12,0.01,NaN,,,
2016,9/1/2016,0.38,0.36,0.09,0.02,NaN,,,
2016,8/28/2016,0.42,0.4,0.11,0.02,NaN,,,
2016,8/26/2016,0.39,0.39,0.07,0.03,NaN,,,
2016,8/26/2016,0.39,0.39,0.12,0.02,NaN,,,
2016,8/29/2016,0.39,0.4,0.07,0.02,NaN,,,
2016,8/28/2016,0.41,0.39,0.09,0.02,NaN,,,
2016,8/27/2016,0.42,0.37,0.07,0.04,NaN,,,
2016,8/25/2016,0.4,0.38,0.06,0.02,NaN,,,
2016,8/25/2016,0.42,0.35,0.09,0.02,NaN,,,
2016,8/25/2016,0.43,0.36,0.08,0.02,NaN,,,
2016,8/22/2016,0.41,0.37,0.11,0.02,NaN,,,
2016,8/24/2016,0.39,0.37,0.08,0.02,NaN,,,
2016,8/22/2016,0.39,0.36,0.07,0.01,NaN,,,
2016,8/23/2016,0.42,0.38,0.09,0.01,NaN,,,
2016,8/20/2016,0.39,0.36,0.07,0.01,NaN,,,
2016,8/18/2016,0.45,0.38,0.1,0.02,NaN,,,
2016,8/22/2016,0.42,0.41,0.04,0.02,NaN,,,
2016,8/19/2016,0.42,0.38,0.06,0.02,NaN,,,
2016,8/18/2016,0.41,0.33,0.07,0.01,NaN,,,
2016,8/15/2016,0.43,0.38,0.11,0.03,NaN,,,
2016,8/16/2016,0.39,0.36,0.08,0.01,NaN,,,
2016,8/13/2016,0.39,0.35,0.07,0.03,NaN,,,
2016,8/15/2016,0.41,0.39,0.09,0.03,NaN,,,
2016,8/11/2016,0.41,0.35,0.07,0.02,NaN,,,
2016,8/9/2016,0.41,0.37,0.1,0.02,NaN,,,
2016,8/9/2016,0.45,0.37,0.08,0.02,NaN,,,
2016,8/8/2016,0.43,0.37,0.11,0.02,NaN,,,
2016,8/12/2016,0.38,0.36,0.08,0.02,NaN,,,
2016,8/11/2016,0.39,0.33,0.09,0.02,NaN,,,
2016,8/6/2016,0.4,0.35,0.07,0.02,NaN,,,
2016,8/9/2016,0.43,0.4,0.08,0.03,NaN,,,
2016,8/9/2016,0.42,0.37,0.09,0.02,NaN,,,
2016,8/6/2016,0.42,0.36,0.09,0.02,NaN,,,
2016,8/5/2016,0.44,0.4,0.09,0.03,NaN,,,
2016,8/4/2016,0.45,0.39,0.02,0.03,NaN,,,
2016,8/4/2016,0.46,0.34,0.07,0.01,NaN,,,
2016,8/1/2016,0.44,0.38,0.1,0.03,NaN,,,
2016,8/4/2016,0.41,0.33,0.09,0.02,NaN,,,
2016,8/1/2016,0.45,0.37,0.08,0.03,NaN,,,
2016,7/31/2016,0.42,0.4,0.06,0.04,NaN,,,
2016,7/29/2016,0.39,0.35,0.12,0.04,NaN,,,
2016,8/1/2016,0.45,0.31,0.1,0.03,NaN,,,
2016,7/31/2016,0.43,0.34,0.1,0.02,NaN,,,
2016,7/30/2016,0.42,0.38,0.06,0.03,NaN,,,
2016,8/1/2016,0.44,0.4,0.06,0.05,NaN,,,
2016,7/31/2016,0.41,0.36,0.08,0.01,NaN,,,
2016,7/29/2016,0.45,0.37,0.09,0.01,NaN,,,
2016,7/25/2016,0.43,0.38,0.09,0.06,NaN,,,
2016,7/29/2016,0.46,0.41,0.06,0.03,NaN,,,
2016,7/29/2016,0.46,0.31,0.07,0.03,NaN,,,
2016,7/25/2016,0.37,0.37,0.05,0.02,NaN,,,
2016,7/23/2016,0.4,0.38,0.05,0.02,NaN,,,
2016,7/22/2016,0.39,0.44,0.09,0.02,NaN,,,
2016,7/21/2016,0.46,0.42,0.01,0.03,NaN,,,
2016,7/18/2016,0.39,0.41,0.1,0.02,NaN,,,
2016,7/22/2016,0.39,0.34,0.08,0.04,NaN,,,
2016,7/21/2016,0.4,0.39,0.03,0.03,NaN,,,
2016,7/16/2016,0.39,0.35,0.07,0.02,NaN,,,
2016,7/15/2016,0.4,0.37,0.05,0.02,NaN,,,
2016,7/11/2016,0.39,0.4,0.1,0.02,NaN,,,
2016,7/14/2016,0.45,0.43,0.05,0.02,NaN,,,
2016,7/13/2016,0.44,0.41,0.07,0.02,NaN,,,
2016,7/13/2016,0.42,0.37,0.13,0.02,NaN,,,
2016,7/11/2016,0.39,0.35,0.09,0.03,NaN,,,
2016,7/11/2016,0.42,0.38,0.08,0.02,NaN,,,
2016,7/9/2016,0.41,0.35,0.11,0.03,NaN,,,
2016,7/9/2016,0.4,0.37,0.05,0.02,NaN,,,
2016,7/7/2016,0.4,0.36,0.06,0.03,NaN,,,
2016,7/4/2016,0.4,0.38,0.11,0.02,NaN,,,
2016,7/7/2016,0.41,0.29,0.09,0.02,NaN,,,
2016,7/5/2016,0.4,0.35,0.1,0.02,NaN,,,
2016,7/2/2016,0.42,0.33,0.06,0.04,NaN,,,
2016,7/2/2016,0.42,0.37,0.04,0.02,NaN,,,
2016,6/27/2016,0.41,0.38,0.09,0.02,NaN,,,
2016,6/26/2016,0.39,0.35,0.08,0,NaN,,,
2016,6/25/2016,0.42,0.31,0.05,0.03,NaN,,,
2016,6/24/2016,0.37,0.36,0.09,0.03,NaN,,,
2016,6/27/2016,0.45,0.41,0.05,0.01,NaN,,,
2016,6/21/2016,0.39,0.37,0.08,0.03,NaN,,,
2016,6/20/2016,0.42,0.36,0.09,0.02,NaN,,,
2016,6/20/2016,0.47,0.37,0.07,0.02,NaN,,,
2016,6/19/2016,0.39,0.38,0.1,0.02,NaN,,,
2016,6/18/2016,0.43,0.34,0.06,0.02,NaN,,,
2016,6/16/2016,0.42,0.38,0.09,0.03,NaN,,,
2016,6/15/2016,0.42,0.36,0.09,0.01,NaN,,,
2016,6/13/2016,0.42,0.38,0.09,0.03,NaN,,,
2016,6/11/2016,0.39,0.29,0.06,0.02,NaN,,,
2016,6/6/2016,0.42,0.38,0.09,0.02,NaN,,,
2016,6/8/2016,0.39,0.36,0.06,0.03,NaN,,,
2016,5/30/2016,0.4,0.34,0.06,0.03,NaN,,,
2016,5/30/2016,0.39,0.4,0.09,0.03,NaN,,,
2016,5/24/2016,0.4,0.38,0.05,0.02,NaN,,,
2020,7/12/2020,0.54,0.44,NaN,NaN,NaN,,,
2020,7/12/2020,0.49,0.41,NaN,NaN,0.05,,,
2020,7/13/2020,0.47,0.37,NaN,NaN,0.09,,,
2020,7/12/2020,0.49,0.4,NaN,NaN,0.06,,,
2020,7/11/2020,0.47,0.39,NaN,NaN,0.04,,,
2020,7/8/2020,0.47,0.44,NaN,NaN,0.05,,,
2020,7/9/2020,0.52,0.37,NaN,NaN,0.05,,,
2020,7/6/2020,0.47,0.39,NaN,NaN,NaN,,,
2020,7/9/2020,0.51,0.4,NaN,NaN,0.07,,,
2020,7/9/2020,0.46,0.39,NaN,NaN,0.06,,,
2020,"Released Jul 8, 2020",0.61,0.39,NaN,NaN,NaN,,,
2020,7/8/2020,0.49,0.42,NaN,NaN,NaN,,,
2020,7/2/2020,0.49,0.41,NaN,NaN,NaN,,,
2020,7/7/2020,0.52,0.42,NaN,NaN,0.06,,,
2020,7/6/2020,0.43,0.37,NaN,NaN,0.13,,,
2020,7/5/2020,0.5,0.4,NaN,NaN,NaN,,,
2020,7/5/2020,0.49,0.4,NaN,NaN,0.06,,,
2020,6/29/2020,0.48,0.39,NaN,NaN,NaN,,,
2020,7/3/2020,0.43,0.39,NaN,NaN,0.1,,,
2020,7/1/2020,0.47,0.47,NaN,NaN,NaN,,,
2020,6/29/2020,0.45,0.4,NaN,NaN,0.07,,,
2020,6/29/2020,0.46,0.38,NaN,NaN,0.1,,,
2020,6/28/2020,0.49,0.4,NaN,NaN,0.06,,,
2020,6/27/2020,0.48,0.4,NaN,NaN,NaN,,,
2020,6/26/2020,0.53,0.41,NaN,NaN,0.04,,,
2020,6/25/2020,0.53,0.41,NaN,NaN,NaN,,,
2020,,0.46,0.37,NaN,NaN,0.11,,,
2020,6/22/2020,0.55,0.41,NaN,NaN,0.01,,,
2020,6/22/2020,0.47,0.4,NaN,NaN,NaN,,,
2020,6/12/2020,0.47,0.37,NaN,NaN,NaN,,,
2020,6/25/2020,0.47,0.39,NaN,NaN,0.06,,,
2020,6/23/2020,0.45,0.41,NaN,NaN,0.06,,,
2020,6/25/2020,0.53,0.42,NaN,NaN,NaN,,,
2020,6/24/2020,0.47,0.39,NaN,NaN,0.05,,,
2020,6/22/2020,0.52,0.44,NaN,NaN,0.03,,,
2020,6/19/2020,0.52,0.4,NaN,NaN,0.03,,,
2020,6/23/2020,0.5,0.44,NaN,NaN,0.05,,,
2020,6/22/2020,0.43,0.39,NaN,NaN,0.09,,,
2020,6/22/2020,0.47,0.37,NaN,NaN,0.1,,,
2020,6/21/2020,0.49,0.41,NaN,NaN,0.06,,,
2020,6/19/2020,0.47,0.38,NaN,NaN,NaN,,,
2020,6/17/2020,0.5,0.36,NaN,NaN,0.05,,,
2020,6/16/2020,0.54,0.44,NaN,NaN,0.02,,,
2020,6/15/2020,0.47,0.39,NaN,NaN,NaN,,,
2020,6/19/2020,0.52,0.43,NaN,NaN,NaN,,,
2020,6/17/2020,0.56,0.44,NaN,NaN,NaN,,,
2020,6/14/2020,0.5,0.41,NaN,NaN,0.05,,,
2020,6/13/2020,0.5,0.38,NaN,NaN,0.07,,,
2020,6/12/2020,0.53,0.42,NaN,NaN,0.04,,,
2020,6/12/2020,0.5,0.42,NaN,NaN,NaN,,,
2020,6/10/2020,0.48,0.35,NaN,NaN,0.1,,,
2020,6/9/2020,0.5,0.44,NaN,NaN,0.06,,,
2020,6/11/2020,0.49,0.41,NaN,NaN,0.04,,,
2020,6/8/2020,0.51,0.38,NaN,NaN,0.05,,,
2020,6/8/2020,0.48,0.39,NaN,NaN,NaN,,,
2020,6/11/2020,0.48,0.36,NaN,NaN,0.06,,,
2020,6/11/2020,0.51,0.41,NaN,NaN,NaN,,,
2020,6/6/2020,0.52,0.43,NaN,NaN,0.06,,,
2020,6/6/2020,0.48,0.41,NaN,NaN,NaN,,,
2020,6/9/2020,0.49,0.4,NaN,NaN,0.05,,,
2020,5/28/2020,0.5,0.39,NaN,NaN,NaN,,,
2020,6/7/2020,0.49,0.41,NaN,NaN,0.05,,,
2020,6/8/2020,0.46,0.38,NaN,NaN,0.07,,,
2020,6/2/2020,0.53,0.42,NaN,NaN,0.05,,,
2020,6/7/2020,0.46,0.39,NaN,NaN,0.07,,,
2020,6/1/2020,0.47,0.39,NaN,NaN,NaN,,,
2020,6/4/2020,0.53,0.42,NaN,NaN,0.05,,,
2020,6/4/2020,0.47,0.37,NaN,NaN,0.09,,,
2020,6/3/2020,0.53,0.41,NaN,NaN,NaN,,,
2020,6/3/2020,0.47,0.48,NaN,NaN,NaN,,,
2020,6/2/2020,0.55,0.41,NaN,NaN,0.03,,,
2020,5/21/2020,0.4,0.32,NaN,NaN,0.19,,,
2020,6/2/2020,0.53,0.43,NaN,NaN,0.01,,,
2020,6/1/2020,0.47,0.37,NaN,NaN,0.08,,,
2020,6/2/2020,0.5,0.43,NaN,NaN,0.02,,,
2020,6/2/2020,0.53,0.47,NaN,NaN,NaN,,,
2020,6/1/2020,0.47,0.44,NaN,NaN,0.07,,,
2020,5/31/2020,0.45,0.42,NaN,NaN,NaN,,,
2020,7/2/2020,0.54,0.4,NaN,NaN,0.06,,,
2020,6/1/2020,0.46,0.46,NaN,NaN,NaN,,,
2020,6/1/2020,0.47,0.37,NaN,NaN,NaN,,,
2020,5/31/2020,0.47,0.4,NaN,NaN,0.08,,,
2020,5/28/2020,0.49,0.42,NaN,NaN,0.05,,,
2020,5/26/2020,0.51,0.44,NaN,NaN,0.05,,,
2020,5/31/2020,0.51,0.39,NaN,NaN,NaN,,,
2020,5/29/2020,0.47,0.43,NaN,NaN,0.04,,,
2020,5/28/2020,0.52,0.41,NaN,NaN,0.06,,,
2020,5/25/2020,0.46,0.41,NaN,NaN,NaN,,,
2020,5/16/2020,0.46,0.37,NaN,NaN,NaN,,,
2020,5/29/2020,0.48,0.4,NaN,NaN,0.06,,,
2020,5/28/2020,0.46,0.39,NaN,NaN,0.07,,,
2020,5/21/2020,0.5,0.45,NaN,NaN,0.05,,,
2020,5/25/2020,0.53,0.43,NaN,NaN,0.02,,,
2020,5/21/2020,0.43,0.4,NaN,NaN,0.09,,,
2020,5/20/2020,0.45,0.39,NaN,NaN,0.08,,,
2020,5/26/2020,0.5,0.44,NaN,NaN,0.05,,,
2020,5/26/2020,0.53,0.4,NaN,NaN,NaN,,,
2020,5/23/2020,0.45,0.42,NaN,NaN,0.08,,,
2020,5/19/2020,0.52,0.44,NaN,NaN,0.04,,,
2020,5/18/2020,0.46,0.41,NaN,NaN,NaN,,,
2020,5/16/2020,0.54,0.43,NaN,NaN,0.03,,,
2020,5/20/2020,0.46,0.42,NaN,NaN,0.06,,,
2020,5/18/2020,0.51,0.42,NaN,NaN,NaN,,,
2020,5/17/2020,0.48,0.4,NaN,NaN,0.06,,,
2020,5/19/2020,0.51,0.42,NaN,NaN,NaN,,,
2020,5/18/2020,0.47,0.38,NaN,NaN,0.07,,,
2020,5/18/2020,0.48,0.43,NaN,NaN,NaN,,,
2020,5/17/2020,0.47,0.42,NaN,NaN,0.06,,,
2020,5/12/2020,0.52,0.42,NaN,NaN,0.07,,,
2020,5/14/2020,0.5,0.39,NaN,NaN,0.04,,,
2020,5/13/2020,0.43,0.41,NaN,NaN,0.05,,,
2020,5/11/2020,0.46,0.41,NaN,NaN,NaN,,,
2020,5/14/2020,0.43,0.39,NaN,NaN,0.08,,,
2020,5/9/2020,0.52,0.41,NaN,NaN,0.07,,,
2020,5/2/2020,0.43,0.39,NaN,NaN,NaN,,,
2020,5/13/2020,0.42,0.41,NaN,NaN,0.09,,,
2020,5/13/2020,0.53,0.47,NaN,NaN,NaN,,,
2020,5/12/2020,0.48,0.41,NaN,NaN,NaN,,,
2020,5/11/2020,0.46,0.38,NaN,NaN,NaN,,,
2020,5/10/2020,0.47,0.43,NaN,NaN,0.06,,,
2020,5/5/2020,0.52,0.43,NaN,NaN,0.05,,,
2020,5/7/2020,0.51,0.46,NaN,NaN,0.02,,,
2020,5/4/2020,0.45,0.42,NaN,NaN,NaN,,,
2020,5/8/2020,0.47,0.4,NaN,NaN,0.04,,,
2020,,0.48,0.4,NaN,NaN,0.04,,,
2020,5/7/2020,0.44,0.38,NaN,NaN,0.07,,,
2020,5/2/2020,0.5,0.45,NaN,NaN,0.06,,,
2020,5/6/2020,0.41,0.41,NaN,NaN,0.09,,,
2020,5/5/2020,0.5,0.44,NaN,NaN,NaN,,,
2020,5/4/2020,0.45,0.42,NaN,NaN,0.07,,,
2020,5/4/2020,0.43,0.41,NaN,NaN,0.09,,,
2020,5/3/2020,0.46,0.42,NaN,NaN,0.07,,,
2020,5/2/2020,0.47,0.44,NaN,NaN,0.07,,,
2020,4/28/2020,0.51,0.45,NaN,NaN,0.04,,,
2020,4/30/2020,0.5,0.41,NaN,NaN,0.04,,,
2020,,0.47,0.4,NaN,NaN,0.07,,,
2020,5/2/2020,0.45,0.41,NaN,NaN,0.03,,,
2020,5/1/2020,0.47,0.44,NaN,NaN,0.07,,,
2020,4/27/2020,0.46,0.42,NaN,NaN,NaN,,,
2020,4/30/2020,0.46,0.39,NaN,NaN,0.07,,,
2020,4/25/2020,0.5,0.45,NaN,NaN,0.05,,,
2020,4/28/2020,0.49,0.43,NaN,NaN,0.04,,,
2020,4/16/2020,0.44,0.4,NaN,NaN,NaN,,,
2020,4/27/2020,0.45,0.39,NaN,NaN,0.09,,,
2020,4/26/2020,0.43,0.43,NaN,NaN,NaN,,,
2020,4/28/2020,0.52,0.43,NaN,NaN,NaN,,,
2020,4/26/2020,0.47,0.41,NaN,NaN,0.06,,,
2020,4/26/2020,0.54,0.46,NaN,NaN,NaN,,,
2020,4/21/2020,0.49,0.45,NaN,NaN,0.06,,,
2020,4/20/2020,0.46,0.42,NaN,NaN,NaN,,,
2020,4/23/2020,0.46,0.38,NaN,NaN,0.06,,,
2020,4/21/2020,0.44,0.38,NaN,NaN,0.1,,,
2020,4/18/2020,0.52,0.44,NaN,NaN,0.04,,,
2020,4/23/2020,0.49,0.4,NaN,NaN,0.02,,,
2020,4/21/2020,0.49,0.44,NaN,NaN,NaN,,,
2020,4/19/2020,0.48,0.42,NaN,NaN,0.05,,,
2020,4/15/2020,0.47,0.39,NaN,NaN,0.08,,,
2020,4/14/2020,0.53,0.44,NaN,NaN,NaN,,,
2020,4/19/2020,0.42,0.4,NaN,NaN,0.09,,,
2020,4/16/2020,0.56,0.42,NaN,NaN,NaN,,,
2020,4/19/2020,0.49,0.4,NaN,NaN,NaN,,,
2020,4/13/2020,0.47,0.42,NaN,NaN,NaN,,,
2020,4/17/2020,0.48,0.44,NaN,NaN,0.06,,,
2020,4/16/2020,0.49,0.4,NaN,NaN,0.05,,,
2020,4/11/2020,0.52,0.44,NaN,NaN,0.04,,,
2020,4/14/2020,0.53,0.47,NaN,NaN,NaN,,,
2020,4/14/2020,0.46,0.42,NaN,NaN,0.12,,,
2020,,0.47,0.43,NaN,NaN,0.1,,,
2020,4/13/2020,0.49,0.42,NaN,NaN,0.05,,,
2020,4/13/2020,0.51,0.4,NaN,NaN,0.07,,,
2020,4/9/2020,0.48,0.43,NaN,NaN,NaN,,,
2020,4/14/2020,0.49,0.45,NaN,NaN,NaN,,,
2020,4/13/2020,0.45,0.4,NaN,NaN,NaN,,,
2020,4/12/2020,0.48,0.43,NaN,NaN,0.05,,,
2020,4/11/2020,0.48,0.44,NaN,NaN,0.06,,,
2020,4/7/2020,0.54,0.42,NaN,NaN,0.04,,,
2020,4/8/2020,0.47,0.45,NaN,NaN,0.08,,,
2020,4/6/2020,0.45,0.42,NaN,NaN,NaN,,,
2020,4/4/2020,0.53,0.43,NaN,NaN,0.04,,,
2020,4/6/2020,0.49,0.4,NaN,NaN,0.06,,,
2020,4/6/2020,0.43,0.37,NaN,NaN,NaN,,,
2020,4/5/2020,0.48,0.42,NaN,NaN,0.06,,,
2020,4/4/2020,0.42,0.42,NaN,NaN,0.07,,,
2020,4/3/2020,0.47,0.41,NaN,NaN,NaN,,,
2020,4/3/2020,0.48,0.44,NaN,NaN,0.06,,,
2020,4/3/2020,0.53,0.42,NaN,NaN,0.02,,,
2020,4/3/2020,0.44,0.39,NaN,NaN,0.04,,,
2020,,,,NaN,NaN,,,,
2020,4/2/2020,0.49,0.41,NaN,NaN,0.05,,,
2020,4/3/2020,0.51,0.43,NaN,NaN,0.02,,,
2020,3/30/2020,0.46,0.42,NaN,NaN,NaN,,,
2020,3/28/2020,0.5,0.44,NaN,NaN,0.06,,,
2020,4/3/2020,0.5,0.44,NaN,NaN,0.06,,,
2020,4/2/2020,0.43,0.45,NaN,NaN,0.09,,,
2020,3/29/2020,0.47,0.41,NaN,NaN,0.06,,,
2020,3/30/2020,0.46,0.4,NaN,NaN,NaN,,,
2020,3/29/2020,0.46,0.42,NaN,NaN,NaN,,,
2020,3/27/2020,0.47,0.43,NaN,NaN,0.08,,,
2020,3/23/2020,0.46,0.42,NaN,NaN,NaN,,,
2020,3/26/2020,0.46,0.42,NaN,NaN,0.04,,,
2020,3/26/2020,0.47,0.42,NaN,NaN,NaN,,,
2020,3/26/2020,0.45,0.4,NaN,NaN,NaN,,,
2020,3/21/2020,0.51,0.43,NaN,NaN,0.06,,,
2020,3/25/2020,0.46,0.4,NaN,NaN,0.05,,,
2020,3/24/2020,0.55,0.45,NaN,NaN,NaN,,,
2020,3/22/2020,0.49,0.47,NaN,NaN,0.02,,,
2020,3/22/2020,0.46,0.42,NaN,NaN,0.06,,,
2020,3/21/2020,0.49,0.4,NaN,NaN,0.05,,,
2020,3/20/2020,0.5,0.41,NaN,NaN,NaN,,,
2020,3/18/2020,0.46,0.39,NaN,NaN,NaN,,,
2020,3/10/2020,0.48,0.36,NaN,NaN,0.09,,,
2020,3/23/2020,0.48,0.4,NaN,NaN,0.04,,,
2020,3/18/2020,0.48,0.45,NaN,NaN,0.03,,,
2020,3/16/2020,0.47,0.42,NaN,NaN,NaN,,,
2020,3/18/2020,0.53,0.47,NaN,NaN,NaN,,,
2020,3/15/2020,0.48,0.41,NaN,NaN,0.06,,,
2020,3/13/2020,0.46,0.37,NaN,NaN,0.11,,,
2020,3/11/2020,0.48,0.42,NaN,NaN,NaN,,,
2020,3/11/2020,0.52,0.43,NaN,NaN,0.03,,,
2020,3/5/2020,0.51,0.49,NaN,NaN,NaN,,,
2020,3/10/2020,0.45,0.41,NaN,NaN,0.07,,,
2020,3/8/2020,0.48,0.46,NaN,NaN,NaN,,,
2020,3/8/2020,0.47,0.43,NaN,NaN,0.05,,,
2020,3/6/2020,0.44,0.42,NaN,NaN,0.1,,,
2020,3/5/2020,0.52,0.41,NaN,NaN,0.03,,,
2020,3/5/2020,0.48,0.42,NaN,NaN,NaN,,,
2020,3/5/2020,0.46,0.42,NaN,NaN,NaN,,,
2020,3/4/2020,0.53,0.43,NaN,NaN,0.01,,,
2020,2/20/2020,0.49,0.46,NaN,NaN,0.02,,,
2020,2/26/2020,0.55,0.45,NaN,NaN,NaN,,,
2020,2/26/2020,0.5,0.41,NaN,NaN,0.06,,,
2020,2/23/2020,0.46,0.42,NaN,NaN,NaN,,,
2020,2/23/2020,0.49,0.41,NaN,NaN,0.06,,,
2020,2/19/2020,0.47,0.4,NaN,NaN,NaN,,,
2020,2/20/2020,0.47,0.45,NaN,NaN,0.05,,,
2020,2/17/2020,0.47,0.39,NaN,NaN,NaN,,,
2020,2/16/2020,0.48,0.52,NaN,NaN,NaN,,,
2020,2/14/2020,0.52,0.45,NaN,NaN,0.03,,,
2020,2/14/2020,0.52,0.44,NaN,NaN,NaN,,,
2020,2/14/2020,0.42,0.4,NaN,NaN,0.12,,,
2020,2/13/2020,0.48,0.45,NaN,NaN,NaN,,,
2020,2/12/2020,0.46,0.42,NaN,NaN,NaN,,,
2020,2/13/2020,0.5,0.44,NaN,NaN,0.01,,,
2020,2/7/2020,0.44,0.42,NaN,NaN,0.11,,,
2020,2/5/2020,0.5,0.43,NaN,NaN,0.05,,,
2020,2/4/2020,0.45,0.42,NaN,NaN,NaN,,,
2020,1/30/2020,0.46,0.45,NaN,NaN,NaN,,,
2020,1/27/2020,0.46,0.42,NaN,NaN,NaN,,,
2020,1/23/2020,0.49,0.48,NaN,NaN,0.02,,,
2020,1/26/2020,0.5,0.44,NaN,NaN,0.04,,,
2020,1/15/2020,0.49,0.4,NaN,NaN,0.06,,,
2020,1/20/2020,0.47,0.41,NaN,NaN,NaN,,,
2020,1/21/2020,0.5,0.5,NaN,NaN,NaN,,,
2020,1/20/2020,0.5,0.46,NaN,NaN,0.03,,,
2020,1/20/2020,0.49,0.41,NaN,NaN,NaN,,,
2020,1/19/2020,0.5,0.41,NaN,NaN,0.08,,,
2020,1/16/2020,0.53,0.44,NaN,NaN,0.01,,,
2020,1/15/2020,0.46,0.41,NaN,NaN,NaN,,,
2020,1/15/2020,0.46,0.46,NaN,NaN,NaN,,,
2020,1/14/2020,0.5,0.43,NaN,NaN,NaN,,,
2020,1/6/2020,0.46,0.41,NaN,NaN,NaN,,,
2020,1/3/2020,0.48,0.46,NaN,NaN,0.03,,,
2020,12/30/2019,0.46,0.4,NaN,NaN,NaN,,,
2020,12/28/2020,0.49,0.38,NaN,NaN,NaN,,,
2020,12/18/2020,0.39,0.35,NaN,NaN,0.17,,,
2020,12/18/2020,0.37,0.36,NaN,NaN,0.2,,,
2020,12/15/2020,0.52,0.48,NaN,NaN,NaN,,,
2020,12/12/2020,0.49,0.44,NaN,NaN,0.01,,,
2020,12/6/2020,0.5,0.45,NaN,NaN,0.03,,,
2020,12/8/2020,0.48,0.41,NaN,NaN,0.02,,,
2020,12/4/2020,0.51,0.42,NaN,NaN,0.04,,,
2020,12/5/2019,0.45,0.46,NaN,NaN,NaN,,,
2020,11/20/2020,0.52,0.39,NaN,NaN,NaN,,,
2020,11/15/2020,0.51,0.39,NaN,NaN,NaN,,,
2020,11/17/2020,0.49,0.51,NaN,NaN,NaN,,,
2020,11/8/2019,0.44,0.4,NaN,NaN,NaN,,,
2020,10/25/2020,0.52,0.49,NaN,NaN,NaN,,,
2020,10/27/2020,0.56,0.39,NaN,NaN,0.04,,,
2020,10/27/2020,0.51,0.39,NaN,NaN,0.07,,,
2020,10/27/2020,0.51,0.41,NaN,NaN,NaN,,,
2020,10/27/2020,0.5,0.41,NaN,NaN,0.06,,,
2020,10/25/2020,0.41,0.36,NaN,NaN,NaN,,,
2020,10/18/2020,0.51,0.49,NaN,NaN,NaN,,,
2020,10/17/2020,0.53,0.43,NaN,NaN,0.02,,,
2020,10/17/2020,0.47,0.38,NaN,NaN,0.09,,,
2020,10/15/2020,0.52,0.41,NaN,NaN,NaN,,,
2020,10/1/2020,0.59,0.41,NaN,NaN,NaN,,,
2020,10/6/2020,0.5,0.4,NaN,NaN,0.05,,,
2020,10/4/2020,0.51,0.4,NaN,NaN,0.02,,,
2020,10/1/2020,0.45,0.47,NaN,NaN,NaN,,,
2020,9/26/2020,0.51,0.44,NaN,NaN,0.01,,,
2020,10/1/2020,0.44,0.35,NaN,NaN,0.11,,,
2020,9/26/2020,0.43,0.36,NaN,NaN,0.11,,,
2020,9/23/2020,0.43,0.47,NaN,NaN,NaN,,,
2020,9/23/2020,0.42,0.36,NaN,NaN,0.12,,,
2020,9/21/2020,0.5,0.49,NaN,NaN,NaN,,,
2020,9/16/2020,0.49,0.44,NaN,NaN,NaN,,,
2020,9/15/2020,0.52,0.38,NaN,NaN,0.05,,,
2020,9/13/2020,0.49,0.41,NaN,NaN,NaN,,,
2020,9/3/2020,0.45,0.35,NaN,NaN,0.2,,,
2020,9/2/2020,0.55,0.4,NaN,NaN,NaN,,,
2020,8/22/2020,0.54,0.42,NaN,NaN,0.01,,,
2020,8/24/2020,0.54,0.46,NaN,NaN,NaN,,,
2020,8/21/2020,0.54,0.38,NaN,NaN,0.01,,,
2020,8/16/2020,0.42,0.35,NaN,NaN,NaN,,,
2020,8/11/2020,0.5,0.38,NaN,NaN,0.05,,,
2020,8/1/2020,0.5,0.42,NaN,NaN,NaN,,,
2020,7/25/2020,0.54,0.41,NaN,NaN,0.01,,,
2020,7/27/2020,0.51,0.49,NaN,NaN,NaN,,,
2020,7/25/2020,0.42,0.39,NaN,NaN,0.11,,,
2020,7/21/2020,0.49,0.39,NaN,NaN,0.05,,,
2020,7/7/2020,0.51,0.42,NaN,NaN,0.04,,,
2020,7/6/2020,0.53,0.47,NaN,NaN,NaN,,,
2020,6/23/2020,0.48,0.44,NaN,NaN,NaN,,,
2020,6/28/2020,0.53,0.43,NaN,NaN,NaN,,,
2020,6/21/2020,0.55,0.45,NaN,NaN,NaN,,,
2020,6/22/2020,0.41,0.4,NaN,NaN,0.11,,,
2020,6/9/2020,0.49,0.39,NaN,NaN,0.05,,,
2020,6/10/2020,0.46,0.35,NaN,NaN,NaN,,,
2020,6/6/2020,0.53,0.4,NaN,NaN,0.01,,,
2020,6/7/2020,0.44,0.33,NaN,NaN,NaN,,,
2020,5/29/2020,0.5,0.36,NaN,NaN,0.07,,,
2020,5/25/2020,0.43,0.36,NaN,NaN,0.05,,,
2020,5/18/2020,0.47,0.46,NaN,NaN,0.07,,,
2020,5/12/2020,0.48,0.44,NaN,NaN,NaN,,,
2020,5/11/2020,0.49,0.38,NaN,NaN,0.05,,,
2020,5/10/2020,0.54,0.46,NaN,NaN,NaN,,,
2020,5/2/2020,0.49,0.39,NaN,NaN,NaN,,,
2020,4/28/2020,0.43,0.36,NaN,NaN,0.08,,,
2020,4/25/2020,0.51,0.45,NaN,NaN,NaN,,,
2020,4/25/2020,0.43,0.37,NaN,NaN,0.05,,,
2020,4/19/2020,0.42,0.34,NaN,NaN,NaN,,,
2020,4/11/2020,0.53,0.47,NaN,NaN,NaN,,,
2020,4/6/2020,0.45,0.45,NaN,NaN,NaN,,,
2020,3/31/2020,0.45,0.36,NaN,NaN,0.08,,,
2020,3/27/2020,0.53,0.4,NaN,NaN,NaN,,,
2020,3/17/2020,0.49,0.44,NaN,NaN,NaN,,,
2020,3/17/2020,0.47,0.4,NaN,NaN,0.04,,,
2020,3/17/2020,0.55,0.45,NaN,NaN,NaN,,,
2020,3/17/2020,0.44,0.33,NaN,NaN,0.08,,,
2020,3/9/2020,0.48,0.43,NaN,NaN,NaN,,,
2020,3/8/2020,0.51,0.46,NaN,NaN,NaN,,,
2020,2/22/2020,0.51,0.4,NaN,NaN,NaN,,,
2020,2/14/2020,0.55,0.45,NaN,NaN,NaN,,,
2020,1/31/2020,0.52,0.45,NaN,NaN,NaN,,,
2020,1/30/2020,0.5,0.43,NaN,NaN,NaN,,,
2020,1/19/2020,0.53,0.41,NaN,NaN,NaN,,,
2020,12/16/2020,0.42,0.36,NaN,NaN,NaN,,,
2020,10/24/2020,0.53,0.44,NaN,NaN,NaN,,,
2020,8/16/2020,0.43,0.31,NaN,NaN,NaN,,,
2020,7/26/2020,0.44,0.37,NaN,NaN,NaN,,,
2020,6/8/2020,0.53,0.39,NaN,NaN,NaN,,,
2020,5/10/2020,0.48,0.38,NaN,NaN,NaN,,,
2020,3/23/2020,0.56,0.39,NaN,NaN,NaN,,,
2020,2/9/2020,0.51,0.42,NaN,NaN,NaN,,,
2020,1/14/2020,0.57,0.4,NaN,NaN,0.01,,,
2020,1/12/2020,0.53,0.38,NaN,NaN,NaN,,,0.54
2020,12/11/2020,0.54,0.4,NaN,NaN,NaN,,,0.49
2020,11/9/2020,0.46,0.35,NaN,NaN,NaN,,,0.47
2020,10/27/2020,0.56,0.38,NaN,NaN,NaN,,,0.49
2020,10/19/2020,0.5,0.41,NaN,NaN,NaN,,,0.47
2020,10/12/2020,0.51,0.42,NaN,NaN,NaN,,,0.47
2020,9/22/2020,0.53,0.4,NaN,NaN,NaN,,,0.52
2020,8/18/2020,0.51,0.39,NaN,NaN,NaN,,,0.47
2020,7/14/2020,0.54,0.39,NaN,NaN,NaN,,,0.51
2020,6/9/2020,0.54,0.41,NaN,NaN,NaN,,,0.46
2020,5/12/2020,0.54,0.4,NaN,NaN,NaN,,,0.61
2020,4/17/2020,0.54,0.4,NaN,NaN,NaN,,,0.49
2020,3/27/2020,0.54,0.4,NaN,NaN,NaN,,,0.49
,,,,,,,,,0.52
,,,,,,,,,0.43
,,,,,,,,,0.5
,,,,,,,,,0.49
,,,,,,,,,0.48
,,,,,,,,,0.43
,,,,,,,,,0.47
,,,,,,,,,0.45
,,,,,,,,,0.46
,,,,,,,,,0.49
,,,,,,,,,0.48
,,,,,,,,,0.53
,,,,,,,,,0.53
,,,,,,,,,0.46
,,,,,,,,,0.55
,,,,,,,,,0.47
,,,,,,,,,0.47
,,,,,,,,,0.47
,,,,,,,,,0.45
,,,,,,,,,0.53
,,,,,,,,,0.47
,,,,,,,,,0.52
,,,,,,,,,0.52
,,,,,,,,,0.5
,,,,,,,,,0.43
,,,,,,,,,0.47
,,,,,,,,,0.49
,,,,,,,,,0.47
,,,,,,,,,0.5
,,,,,,,,,0.54
,,,,,,,,,0.47
,,,,,,,,,0.52
,,,,,,,,,0.56
,,,,,,,,,0.5
,,,,,,,,,0.5
,,,,,,,,,0.53
,,,,,,,,,0.5
,,,,,,,,,0.48
,,,,,,,,,0.5
,,,,,,,,,0.49
,,,,,,,,,0.51
,,,,,,,,,0.48
,,,,,,,,,0.48
,,,,,,,,,0.51
,,,,,,,,,0.52
,,,,,,,,,0.48
,,,,,,,,,0.49
,,,,,,,,,0.5
,,,,,,,,,0.49
,,,,,,,,,0.46
,,,,,,,,,0.53
,,,,,,,,,0.46
,,,,,,,,,0.47
,,,,,,,,,0.53
,,,,,,,,,0.47
,,,,,,,,,0.53
,,,,,,,,,0.47
,,,,,,,,,0.55
,,,,,,,,,0.4
,,,,,,,,,0.53
,,,,,,,,,0.47
,,,,,,,,,0.5
,,,,,,,,,0.53
,,,,,,,,,0.47
,,,,,,,,,0.45
,,,,,,,,,0.54
,,,,,,,,,0.46
,,,,,,,,,0.47
,,,,,,,,,0.47
,,,,,,,,,0.49
,,,,,,,,,0.51
,,,,,,,,,0.51
,,,,,,,,,0.47
,,,,,,,,,0.52
,,,,,,,,,0.46
,,,,,,,,,0.46
,,,,,,,,,0.48
,,,,,,,,,0.46
,,,,,,,,,0.5
,,,,,,,,,0.53
,,,,,,,,,0.43
,,,,,,,,,0.45
,,,,,,,,,0.5
,,,,,,,,,0.53
,,,,,,,,,0.45
,,,,,,,,,0.52
,,,,,,,,,0.46
,,,,,,,,,0.54
,,,,,,,,,0.46
,,,,,,,,,0.51
,,,,,,,,,0.48
,,,,,,,,,0.51
,,,,,,,,,0.47
,,,,,,,,,0.48
,,,,,,,,,0.47
,,,,,,,,,0.52
,,,,,,,,,0.5
,,,,,,,,,0.43
,,,,,,,,,0.46
,,,,,,,,,0.43
,,,,,,,,,0.52
,,,,,,,,,0.43
,,,,,,,,,0.42
,,,,,,,,,0.53
,,,,,,,,,0.48
,,,,,,,,,0.46
,,,,,,,,,0.47
,,,,,,,,,0.52
,,,,,,,,,0.51
,,,,,,,,,0.45
,,,,,,,,,0.47
,,,,,,,,,0.48
,,,,,,,,,0.44
,,,,,,,,,0.5
,,,,,,,,,0.41
,,,,,,,,,0.5
,,,,,,,,,0.45
,,,,,,,,,0.43
,,,,,,,,,0.46
,,,,,,,,,0.47
,,,,,,,,,0.51
,,,,,,,,,0.5
,,,,,,,,,0.47
,,,,,,,,,0.45
,,,,,,,,,0.47
,,,,,,,,,0.46
,,,,,,,,,0.46
,,,,,,,,,0.5
,,,,,,,,,0.49
,,,,,,,,,0.44
,,,,,,,,,0.45
,,,,,,,,,0.43
,,,,,,,,,0.52
,,,,,,,,,0.47
,,,,,,,,,0.54
,,,,,,,,,0.49
,,,,,,,,,0.46
,,,,,,,,,0.46
,,,,,,,,,0.44
,,,,,,,,,0.52
,,,,,,,,,0.49
,,,,,,,,,0.49
,,,,,,,,,0.48
,,,,,,,,,0.47
,,,,,,,,,0.53
,,,,,,,,,0.42
,,,,,,,,,0.56
,,,,,,,,,0.49
,,,,,,,,,0.47
,,,,,,,,,0.48
,,,,,,,,,0.49
,,,,,,,,,0.52
,,,,,,,,,0.53
,,,,,,,,,0.46
,,,,,,,,,0.47
,,,,,,,,,0.49
,,,,,,,,,0.51
,,,,,,,,,0.48
,,,,,,,,,0.49
,,,,,,,,,0.45
,,,,,,,,,0.48
,,,,,,,,,0.48
,,,,,,,,,0.54
,,,,,,,,,0.47
,,,,,,,,,0.45
,,,,,,,,,0.53
,,,,,,,,,0.49
,,,,,,,,,0.43
,,,,,,,,,0.48
,,,,,,,,,0.42
,,,,,,,,,0.47
,,,,,,,,,0.48
,,,,,,,,,0.53
,,,,,,,,,0.44
,,,,,,,,,
,,,,,,,,,0.49
,,,,,,,,,0.51
,,,,,,,,,0.46
,,,,,,,,,0.5
,,,,,,,,,0.5
,,,,,,,,,0.43
,,,,,,,,,0.47
,,,,,,,,,0.46
,,,,,,,,,0.46
,,,,,,,,,0.47
,,,,,,,,,0.46
,,,,,,,,,0.46
,,,,,,,,,0.47
,,,,,,,,,0.45
,,,,,,,,,0.51
,,,,,,,,,0.46
,,,,,,,,,0.55
,,,,,,,,,0.49
,,,,,,,,,0.46
,,,,,,,,,0.49
,,,,,,,,,0.5
,,,,,,,,,0.46
,,,,,,,,,0.48
,,,,,,,,,0.48
,,,,,,,,,0.48
,,,,,,,,,0.47
,,,,,,,,,0.53
,,,,,,,,,0.48
,,,,,,,,,0.46
,,,,,,,,,0.48
,,,,,,,,,0.52
,,,,,,,,,0.51
,,,,,,,,,0.45
,,,,,,,,,0.48
,,,,,,,,,0.47
,,,,,,,,,0.44
,,,,,,,,,0.52
,,,,,,,,,0.48
,,,,,,,,,0.46
,,,,,,,,,0.53
,,,,,,,,,0.49
,,,,,,,,,0.55
,,,,,,,,,0.5
,,,,,,,,,0.46
,,,,,,,,,0.49
,,,,,,,,,0.47
,,,,,,,,,0.47
,,,,,,,,,0.47
,,,,,,,,,0.48
,,,,,,,,,0.52
,,,,,,,,,0.52
,,,,,,,,,0.42
,,,,,,,,,0.48
,,,,,,,,,0.46
,,,,,,,,,0.5
,,,,,,,,,0.44
,,,,,,,,,0.5
,,,,,,,,,0.45
,,,,,,,,,0.46
,,,,,,,,,0.46
,,,,,,,,,0.49
,,,,,,,,,0.5
,,,,,,,,,0.49
,,,,,,,,,0.47
,,,,,,,,,0.5
,,,,,,,,,0.5
,,,,,,,,,0.49
,,,,,,,,,0.5
,,,,,,,,,0.53
,,,,,,,,,0.46
,,,,,,,,,0.46
,,,,,,,,,0.5
,,,,,,,,,0.46
,,,,,,,,,0.48
,,,,,,,,,0.46
,,,,,,,,,0.49
,,,,,,,,,0.39
,,,,,,,,,0.37
,,,,,,,,,0.52
,,,,,,,,,0.49
,,,,,,,,,0.5
,,,,,,,,,0.48
,,,,,,,,,0.51
,,,,,,,,,0.45
,,,,,,,,,0.52
,,,,,,,,,0.51
,,,,,,,,,0.49
,,,,,,,,,0.44
,,,,,,,,,0.52
,,,,,,,,,0.56
,,,,,,,,,0.51
,,,,,,,,,0.51
,,,,,,,,,0.5
,,,,,,,,,0.41
,,,,,,,,,0.51
,,,,,,,,,0.53
,,,,,,,,,0.47
,,,,,,,,,0.52
,,,,,,,,,0.59
,,,,,,,,,0.5
,,,,,,,,,0.51
,,,,,,,,,0.45
,,,,,,,,,0.51
,,,,,,,,,0.44
,,,,,,,,,0.43
,,,,,,,,,0.43
,,,,,,,,,0.42
,,,,,,,,,0.5
,,,,,,,,,0.49
,,,,,,,,,0.52
,,,,,,,,,0.49
,,,,,,,,,0.45
,,,,,,,,,0.55
,,,,,,,,,0.54
,,,,,,,,,0.54
,,,,,,,,,0.54
,,,,,,,,,0.42
,,,,,,,,,0.5
,,,,,,,,,0.5
,,,,,,,,,0.54
,,,,,,,,,0.51
,,,,,,,,,0.42
,,,,,,,,,0.49
,,,,,,,,,0.51
,,,,,,,,,0.53
,,,,,,,,,0.48
,,,,,,,,,0.53
,,,,,,,,,0.55
,,,,,,,,,0.41
,,,,,,,,,0.49
,,,,,,,,,0.46
,,,,,,,,,0.53
,,,,,,,,,0.44
,,,,,,,,,0.5
,,,,,,,,,0.43
,,,,,,,,,0.47
,,,,,,,,,0.48
,,,,,,,,,0.49
,,,,,,,,,0.54
,,,,,,,,,0.49
,,,,,,,,,0.43
,,,,,,,,,0.51
,,,,,,,,,0.43
,,,,,,,,,0.42
,,,,,,,,,0.53
,,,,,,,,,0.45
,,,,,,,,,0.45
,,,,,,,,,0.53
,,,,,,,,,0.49
,,,,,,,,,0.47
,,,,,,,,,0.55
,,,,,,,,,0.44
,,,,,,,,,0.48
,,,,,,,,,0.51
,,,,,,,,,0.51
,,,,,,,,,0.55
,,,,,,,,,0.52
,,,,,,,,,0.5
,,,,,,,,,0.53
,,,,,,,,,0.42
,,,,,,,,,0.53
,,,,,,,,,0.43
,,,,,,,,,0.44
,,,,,,,,,0.53
,,,,,,,,,0.48
,,,,,,,,,0.56
,,,,,,,,,0.51
,,,,,,,,,0.57
,,,,,,,,,0.53
,,,,,,,,,0.54
,,,,,,,,,0.46
,,,,,,,,,0.56
,,,,,,,,,0.5
,,,,,,,,,0.51
,,,,,,,,,0.53
,,,,,,,,,0.51
,,,,,,,,,0.54
,,,,,,,,,0.54
,,,,,,,,,0.54
,,,,,,,,,0.54
,,,,,,,,,0.54
